Date,Name,X,Y,Demand,W_S,W_F,Service_time,N_V,C_V1,C_V2,C_V3
20240420,台大楓林店,351324.063,2767620.977,9,0,86400,600,1,180,180,180
20240420,台一宿舍店,351301.523,2767690.815,14,0,86400,600,1,180,180,180
20240420,台福店,351591.076,2767968.599,14,0,86400,600,1,180,180,180
20240420,行美店,355981.323,2772023.246,15,0,86400,600,1,180,180,180
20240420,興盛店,356469.918,2772299.501,2,0,86400,600,1,180,180,180
20240420,中研店,359343.914,2771189.961,14,0,86400,600,1,180,180,180
20240420,研究院店,359449.734,2770984.432,5,0,86400,600,1,180,180,180
20240420,新莊研店,360073.962,2770265.899,3,0,86400,600,1,180,180,180
20240420,台大楓林店,351324.063,2767620.977,9,0,86400,600,1,180,180,180
