TaskType_id,Delivery_Dt,Dept_Name,Route_seq,Car_licence,Store_id,Store_Name,Pl_M_Arrive_dt,Ac_Arrive_dt,Im_Arrive_dt
12,2024-03-19,瑞芳DC,101DC,KPD9998,S3001888888,瑞芳ＤＣ,2024-03-19 13:11:00,3/19/2024 1:12:57 PM,
12,2024-03-19,瑞芳DC,SC05,KPD9998,1001018581,昌隆店,2024-03-19 13:11:00,3/19/2024 2:19:11 PM,3/19/2024 2:25:00 PM
12,2024-03-19,瑞芳DC,SC06,KPD9998,1001022950,懷生店,2024-03-19 13:11:00,3/19/2024 2:28:15 PM,3/19/2024 2:30:00 PM
12,2024-03-19,瑞芳DC,SC07,KPD9998,1001018902,興忠店,2024-03-19 13:11:00,3/19/2024 2:33:48 PM,3/19/2024 2:35:00 PM
12,2024-03-19,瑞芳DC,SC08,KPD9998,1001020914,興仁店,2024-03-19 13:11:00,3/19/2024 2:35:33 PM,3/19/2024 2:35:00 PM
12,2024-03-19,瑞芳DC,SC09,KPD9998,1001019760,正興店,2024-03-19 13:11:00,3/19/2024 2:45:58 PM,3/19/2024 2:50:00 PM
12,2024-03-19,瑞芳DC,SC10,KPD9998,1001022634,金信店,2024-03-19 13:11:00,3/19/2024 2:59:47 PM,3/19/2024 3:00:00 PM
12,2024-03-19,瑞芳DC,SK15,KPD9998,1001021961,台興店,2024-03-19 13:11:00,3/19/2024 3:16:46 PM,3/19/2024 3:50:00 PM
12,2024-03-19,瑞芳DC,SK16,KPD9998,1001018658,台科店,2024-03-19 13:11:00,3/19/2024 3:24:15 PM,3/19/2024 3:55:00 PM
12,2024-03-19,瑞芳DC,SK17,KPD9998,1001022661,台大二活店,2024-03-19 13:11:00,3/19/2024 3:36:10 PM,3/19/2024 4:05:00 PM
12,2024-03-19,瑞芳DC,SK18,KPD9998,1001020038,台一宿舍店,2024-03-19 13:11:00,3/19/2024 3:42:25 PM,3/19/2024 4:15:00 PM
12,2024-03-19,瑞芳DC,SK19,KPD9998,1001022110,台大楓林店,2024-03-19 13:11:00,3/19/2024 3:53:50 PM,3/19/2024 4:20:00 PM
12,2024-03-19,瑞芳DC,SK20,KPD9998,1001022350,台福店,2024-03-19 13:11:00,3/19/2024 3:48:32 PM,3/19/2024 4:30:00 PM
12,2024-03-19,瑞芳DC,101DC,KPD9998,3001888888,瑞芳ＤＣ,2024-03-19 13:11:00,3/19/2024 4:31:30 PM,3/19/2024 4:39:00 PM
03,2024-03-21,瑞芳DC,103DC,KPD9998,S3001888888,瑞芳ＤＣ,2024-03-21 12:39:00,3/21/2024 12:55:44 PM,
03,2024-03-21,瑞芳DC,GL03,KPD9998,1001015818,興和店,2024-03-21 12:39:00,3/21/2024 1:25:16 PM,3/21/2024 1:50:00 PM
03,2024-03-21,瑞芳DC,GP05,KPD9998,1001020914,興仁店,2024-03-21 12:39:00,3/21/2024 2:01:10 PM,3/21/2024 2:00:00 PM
03,2024-03-21,瑞芳DC,GL04,KPD9998,1001020399,義安店,2024-03-21 12:39:00,3/21/2024 1:37:38 PM,3/21/2024 1:50:00 PM
03,2024-03-21,瑞芳DC,GP06,KPD9998,1001018902,興忠店,2024-03-21 12:39:00,3/21/2024 2:01:10 PM,3/21/2024 2:05:00 PM
03,2024-03-21,瑞芳DC,GX10,KPD9998,1001022111,汐止智興店,2024-03-21 12:39:00,3/21/2024 2:48:24 PM,3/21/2024 3:05:00 PM
03,2024-03-21,瑞芳DC,GN17,KPD9998,1001016026,汐止鄉長店,2024-03-21 12:39:00,3/21/2024 3:03:29 PM,3/21/2024 3:20:00 PM
03,2024-03-21,瑞芳DC,GN18,KPD9998,1001018090,汐止和平店,2024-03-21 12:39:00,3/21/2024 3:10:35 PM,3/21/2024 3:25:00 PM
03,2024-03-21,瑞芳DC,GN19,KPD9998,1001022477,汐止農會店,2024-03-21 12:39:00,3/21/2024 3:23:07 PM,3/21/2024 3:35:00 PM
03,2024-03-21,瑞芳DC,GN20,KPD9998,1001022583,汐止秀峰店,2024-03-21 12:39:00,3/21/2024 4:02:01 PM,3/21/2024 3:45:00 PM
03,2024-03-21,瑞芳DC,103DC,KPD9998,3001888888,瑞芳ＤＣ,2024-03-21 12:39:00,3/21/2024 4:29:27 PM,3/21/2024 4:16:00 PM
03,2024-03-22,瑞芳DC,104DC,KPD9998,S3001888888,瑞芳ＤＣ,2024-03-22 08:03:00,,
03,2024-03-22,瑞芳DC,DO01,KPD9998,1001021647,小彎公宅店,2024-03-22 08:03:00,3/22/2024 8:20:07 AM,3/22/2024 9:00:00 AM
03,2024-03-22,瑞芳DC,DO02,KPD9998,1001020641,港成店,2024-03-22 08:03:00,,3/22/2024 9:10:00 AM
03,2024-03-22,瑞芳DC,DO03,KPD9998,1001016840,向陽店,2024-03-22 08:03:00,3/22/2024 8:36:43 AM,3/22/2024 9:20:00 AM
03,2024-03-22,瑞芳DC,DO04,KPD9998,1001022011,中視店,2024-03-22 08:03:00,3/22/2024 8:44:56 AM,3/22/2024 9:30:00 AM
03,2024-03-22,瑞芳DC,DO05,KPD9998,1001020277,重陽店,2024-03-22 08:03:00,3/22/2024 8:52:27 AM,3/22/2024 9:40:00 AM
03,2024-03-22,瑞芳DC,DH10,KPD9998,1001023135,基隆華復店,2024-03-22 08:03:00,3/22/2024 9:25:03 AM,3/22/2024 10:00:00 AM
03,2024-03-22,瑞芳DC,DF12,KPD9998,1001014688,基隆海大店,2024-03-22 08:03:00,3/22/2024 10:08:18 AM,3/22/2024 11:00:00 AM
03,2024-03-22,瑞芳DC,DF13,KPD9998,1001021953,基隆海洋店,2024-03-22 08:03:00,3/22/2024 9:53:42 AM,3/22/2024 11:05:00 AM
03,2024-03-22,瑞芳DC,104DC,KPD9998,3001888888,瑞芳ＤＣ,2024-03-22 08:03:00,3/22/2024 10:37:06 AM,3/22/2024 11:18:00 AM
03,2024-03-22,瑞芳DC,106DC,KPD9998,S3001888888,瑞芳ＤＣ,2024-03-22 12:59:00,3/22/2024 12:15:31 PM,
03,2024-03-22,瑞芳DC,GU07,KPD9998,1001019081,忠愛店,2024-03-22 12:59:00,3/22/2024 1:00:12 PM,3/22/2024 2:00:00 PM
03,2024-03-22,瑞芳DC,GU08,KPD9998,1001019133,仁慈店,2024-03-22 12:59:00,3/22/2024 1:13:21 PM,3/22/2024 2:10:00 PM
03,2024-03-22,瑞芳DC,GU09,KPD9998,1001017725,敦新店,2024-03-22 12:59:00,3/22/2024 1:22:34 PM,3/22/2024 2:20:00 PM
03,2024-03-22,瑞芳DC,GX10,KPD9998,1001022111,汐止智興店,2024-03-22 12:59:00,3/22/2024 2:00:39 PM,3/22/2024 3:05:00 PM
03,2024-03-22,瑞芳DC,GX11,KPD9998,1001014806,汐止福全店,2024-03-22 12:59:00,3/22/2024 2:12:06 PM,3/22/2024 3:15:00 PM
03,2024-03-22,瑞芳DC,GN17,KPD9998,1001016026,汐止鄉長店,2024-03-22 12:59:00,3/22/2024 2:24:34 PM,3/22/2024 3:20:00 PM
03,2024-03-22,瑞芳DC,GN18,KPD9998,1001018090,汐止和平店,2024-03-22 12:59:00,3/22/2024 2:30:38 PM,3/22/2024 3:25:00 PM
03,2024-03-22,瑞芳DC,GN19,KPD9998,1001022477,汐止農會店,2024-03-22 12:59:00,3/22/2024 2:37:56 PM,3/22/2024 3:35:00 PM
03,2024-03-22,瑞芳DC,GN20,KPD9998,1001022583,汐止秀峰店,2024-03-22 12:59:00,3/22/2024 2:47:16 PM,3/22/2024 3:45:00 PM
03,2024-03-22,瑞芳DC,106DC,KPD9998,3001888888,瑞芳ＤＣ,2024-03-22 12:59:00,3/22/2024 3:11:31 PM,3/22/2024 4:24:00 PM
12,2024-03-25,瑞芳DC,QDDC,KPD9998,S3001888888,瑞芳ＤＣ,2024-03-25 07:00:00,3/25/2024 7:22:47 AM,
12,2024-03-25,瑞芳DC,QD01,KPD9998,1001019776,松創店,2024-03-25 07:00:00,3/25/2024 8:18:29 AM,3/25/2024 8:40:00 AM
12,2024-03-25,瑞芳DC,QD02,KPD9998,1001018712,逸鑫店,2024-03-25 07:00:00,3/25/2024 8:32:40 AM,3/25/2024 9:00:00 AM
12,2024-03-25,瑞芳DC,QD03,KPD9998,1001019399,台北１０１店,2024-03-25 07:00:00,3/25/2024 8:39:44 AM,3/25/2024 9:10:00 AM
12,2024-03-25,瑞芳DC,QD04,KPD9998,1001017309,建鑫店,2024-03-25 07:00:00,3/25/2024 9:02:08 AM,3/25/2024 9:30:00 AM
12,2024-03-25,瑞芳DC,QD05,KPD9998,1001020809,松仁店,2024-03-25 07:00:00,3/25/2024 9:14:30 AM,3/25/2024 9:40:00 AM
12,2024-03-25,瑞芳DC,QD06,KPD9998,1001020415,新安興店,2024-03-25 07:00:00,3/25/2024 9:20:35 AM,3/25/2024 9:50:00 AM
12,2024-03-25,瑞芳DC,QD07,KPD9998,1001022973,祥和店,2024-03-25 07:00:00,3/25/2024 9:23:21 AM,3/25/2024 10:00:00 AM
12,2024-03-25,瑞芳DC,QD08,KPD9998,1001021292,挹翠店,2024-03-25 07:00:00,3/25/2024 9:29:23 AM,3/25/2024 10:10:00 AM
12,2024-03-25,瑞芳DC,QD09,KPD9998,1001018632,盛興店,2024-03-25 07:00:00,3/25/2024 9:37:47 AM,3/25/2024 10:20:00 AM
12,2024-03-25,瑞芳DC,QD10,KPD9998,1001018081,莊敬店,2024-03-25 07:00:00,3/25/2024 9:42:53 AM,3/25/2024 10:30:00 AM
12,2024-03-25,瑞芳DC,QD11,KPD9998,1001021802,北醫店,2024-03-25 07:00:00,3/25/2024 9:47:07 AM,3/25/2024 10:40:00 AM
12,2024-03-25,瑞芳DC,QD12,KPD9998,1001020665,莊新店,2024-03-25 07:00:00,3/25/2024 9:51:47 AM,3/25/2024 10:40:00 AM
12,2024-03-25,瑞芳DC,QD13,KPD9998,1001020129,富興店,2024-03-25 07:00:00,3/25/2024 9:57:52 AM,3/25/2024 10:55:00 AM
12,2024-03-25,瑞芳DC,QD14,KPD9998,1001020557,景聯店,2024-03-25 07:00:00,3/25/2024 10:06:00 AM,3/25/2024 11:00:00 AM
12,2024-03-25,瑞芳DC,QD15,KPD9998,1001017120,三興店,2024-03-25 07:00:00,3/25/2024 10:15:12 AM,3/25/2024 11:05:00 AM
12,2024-03-25,瑞芳DC,QD16,KPD9998,1001017827,復昌店,2024-03-25 07:00:00,3/25/2024 10:26:40 AM,3/25/2024 11:10:00 AM
12,2024-03-25,瑞芳DC,QD17,KPD9998,1001018390,新信德店,2024-03-25 07:00:00,3/25/2024 10:37:09 AM,3/25/2024 11:20:00 AM
12,2024-03-25,瑞芳DC,QD18,KPD9998,1001023084,松友店,2024-03-25 07:00:00,3/25/2024 10:42:38 AM,3/25/2024 11:25:00 AM
12,2024-03-25,瑞芳DC,QD19,KPD9998,1001021979,松永店,2024-03-25 07:00:00,3/25/2024 10:57:51 AM,3/25/2024 11:30:00 AM
12,2024-03-25,瑞芳DC,QDDC,KPD9998,3001888888,瑞芳ＤＣ,2024-03-25 07:00:00,3/25/2024 11:40:31 AM,3/25/2024 11:59:00 AM
12,2024-03-25,瑞芳DC,SEDC,KPD9998,S3001888888,瑞芳ＤＣ,2024-03-25 11:30:00,3/25/2024 12:55:47 PM,
12,2024-03-25,瑞芳DC,SE01,KPD9998,1001022061,萬芳店,2024-03-25 11:30:00,3/25/2024 2:07:35 PM,3/25/2024 2:00:00 PM
12,2024-03-25,瑞芳DC,SE02,KPD9998,1001019449,興園店,2024-03-25 11:30:00,3/25/2024 1:27:18 PM,3/25/2024 2:05:00 PM
12,2024-03-25,瑞芳DC,SE03,KPD9998,1001023024,仙岩店,2024-03-25 11:30:00,3/25/2024 1:35:22 PM,3/25/2024 2:10:00 PM
12,2024-03-25,瑞芳DC,SE04,KPD9998,1001014857,靜興店,2024-03-25 11:30:00,3/25/2024 1:37:42 PM,3/25/2024 2:15:00 PM
12,2024-03-25,瑞芳DC,SE05,KPD9998,1001018245,華德店,2024-03-25 11:30:00,3/25/2024 2:15:39 PM,3/25/2024 2:20:00 PM
12,2024-03-25,瑞芳DC,SE06,KPD9998,1001020275,新文華店,2024-03-25 11:30:00,3/25/2024 2:21:47 PM,3/25/2024 2:25:00 PM
12,2024-03-25,瑞芳DC,SE07,KPD9998,1001021231,羅和店,2024-03-25 11:30:00,3/25/2024 2:21:47 PM,3/25/2024 2:30:00 PM
12,2024-03-25,瑞芳DC,SE08,KPD9998,1001014208,師美店,2024-03-25 11:30:00,3/25/2024 2:35:44 PM,3/25/2024 2:40:00 PM
12,2024-03-25,瑞芳DC,SE09,KPD9998,1001022306,萬和店,2024-03-25 11:30:00,3/25/2024 2:42:01 PM,3/25/2024 2:45:00 PM
12,2024-03-25,瑞芳DC,SE11,KPD9998,1001020805,萬慶店,2024-03-25 11:30:00,3/25/2024 2:51:34 PM,3/25/2024 3:05:00 PM
12,2024-03-25,瑞芳DC,SE12,KPD9998,1001015531,深坑北福店,2024-03-25 11:30:00,3/25/2024 3:19:17 PM,3/25/2024 3:35:00 PM
12,2024-03-25,瑞芳DC,SE13,KPD9998,1001014888,深坑北深店,2024-03-25 11:30:00,3/25/2024 3:22:09 PM,3/25/2024 3:40:00 PM
12,2024-03-25,瑞芳DC,SE15,KPD9998,1001016992,深坑埔新店,2024-03-25 11:30:00,3/25/2024 3:29:21 PM,3/25/2024 3:50:00 PM
12,2024-03-25,瑞芳DC,SE16,KPD9998,1001019681,深坑昇高店,2024-03-25 11:30:00,3/25/2024 3:31:47 PM,3/25/2024 3:50:00 PM
12,2024-03-25,瑞芳DC,SE17,KPD9998,1001021826,深坑紅葉店,2024-03-25 11:30:00,3/25/2024 3:36:24 PM,3/25/2024 4:05:00 PM
12,2024-03-25,瑞芳DC,SE18,KPD9998,1001023203,石碇國道店,2024-03-25 11:30:00,3/25/2024 3:43:39 PM,3/25/2024 4:15:00 PM
12,2024-03-25,瑞芳DC,SE19,KPD9998,1001023006,坪林順益店,2024-03-25 11:30:00,3/25/2024 4:03:19 PM,3/25/2024 4:25:00 PM
12,2024-03-25,瑞芳DC,SE20,KPD9998,1001021207,石碇雙溪店,2024-03-25 11:30:00,3/25/2024 4:20:01 PM,3/25/2024 4:35:00 PM
12,2024-03-25,瑞芳DC,SE21,KPD9998,1001022291,平溪平安店,2024-03-25 11:30:00,3/25/2024 4:45:37 PM,3/25/2024 4:50:00 PM
12,2024-03-25,瑞芳DC,SE22,KPD9998,1001018372,平溪十分店,2024-03-25 11:30:00,3/25/2024 4:56:20 PM,3/25/2024 5:05:00 PM
12,2024-03-25,瑞芳DC,SEDC,KPD9998,3001888888,瑞芳ＤＣ,2024-03-25 11:30:00,3/25/2024 5:26:09 PM,3/25/2024 5:31:00 PM
03,2024-03-26,瑞芳DC,104DC,KPD9998,S3001888888,瑞芳ＤＣ,2024-03-26 08:13:00,3/26/2024 7:52:34 AM,
03,2024-03-26,瑞芳DC,DU03,KPD9998,1001022110,台大楓林店,2024-03-26 08:13:00,3/26/2024 8:55:37 AM,3/26/2024 9:20:00 AM
03,2024-03-26,瑞芳DC,DU04,KPD9998,1001022350,台福店,2024-03-26 08:13:00,3/26/2024 9:03:33 AM,3/26/2024 9:30:00 AM
03,2024-03-26,瑞芳DC,DU05,KPD9998,1001020038,台一宿舍店,2024-03-26 08:13:00,3/26/2024 9:12:23 AM,3/26/2024 9:40:00 AM
03,2024-03-26,瑞芳DC,DV05,KPD9998,1001019051,敦鼎店,2024-03-26 08:13:00,3/26/2024 9:39:06 AM,3/26/2024 9:50:00 AM
03,2024-03-26,瑞芳DC,DL15,KPD9998,1001022562,富康店,2024-03-26 08:13:00,3/26/2024 10:19:58 AM,3/26/2024 11:15:00 AM
03,2024-03-26,瑞芳DC,DL16,KPD9998,1001023694,汐止力行店,2024-03-26 08:13:00,3/26/2024 10:32:03 AM,3/26/2024 11:20:00 AM
03,2024-03-26,瑞芳DC,DL17,KPD9998,1001020924,汐止橫科店,2024-03-26 08:13:00,3/26/2024 10:34:43 AM,3/26/2024 11:30:00 AM
03,2024-03-26,瑞芳DC,104DC,KPD9998,3001888888,瑞芳ＤＣ,2024-03-26 08:13:00,3/26/2024 11:02:27 AM,3/26/2024 11:16:00 AM
03,2024-03-26,瑞芳DC,106DC,KPD9998,S3001888888,瑞芳ＤＣ,2024-03-26 11:25:00,,
03,2024-03-26,瑞芳DC,GM04,KPD9998,1001020129,富興店,2024-03-26 11:25:00,3/26/2024 12:44:27 PM,3/26/2024 1:40:00 PM
03,2024-03-26,瑞芳DC,GM05,KPD9998,1001018081,莊敬店,2024-03-26 11:25:00,3/26/2024 12:53:55 PM,3/26/2024 1:50:00 PM
03,2024-03-26,瑞芳DC,GV14,KPD9998,1001022592,新中坡店,2024-03-26 11:25:00,3/26/2024 1:06:16 PM,3/26/2024 3:10:00 PM
03,2024-03-26,瑞芳DC,GN17,KPD9998,1001016026,汐止鄉長店,2024-03-26 11:25:00,3/26/2024 2:18:42 PM,3/26/2024 3:20:00 PM
03,2024-03-26,瑞芳DC,GN18,KPD9998,1001018090,汐止和平店,2024-03-26 11:25:00,3/26/2024 2:25:37 PM,3/26/2024 3:25:00 PM
03,2024-03-26,瑞芳DC,GN19,KPD9998,1001022477,汐止農會店,2024-03-26 11:25:00,3/26/2024 2:33:22 PM,3/26/2024 3:35:00 PM
03,2024-03-26,瑞芳DC,GN20,KPD9998,1001022583,汐止秀峰店,2024-03-26 11:25:00,3/26/2024 2:49:14 PM,3/26/2024 3:45:00 PM
03,2024-03-26,瑞芳DC,106DC,KPD9998,3001888888,瑞芳ＤＣ,2024-03-26 11:25:00,3/26/2024 3:15:35 PM,3/26/2024 3:36:00 PM
12,2024-03-27,瑞芳DC,101DC,KPD9998,S3001888888,瑞芳ＤＣ,2024-03-27 11:30:00,3/27/2024 1:24:23 PM,
12,2024-03-27,瑞芳DC,SK01,KPD9998,1001021128,二繽店,2024-03-27 11:30:00,3/27/2024 2:00:40 PM,3/27/2024 2:20:00 PM
12,2024-03-27,瑞芳DC,SK02,KPD9998,1001022905,安居店,2024-03-27 11:30:00,3/27/2024 2:11:12 PM,3/27/2024 2:30:00 PM
12,2024-03-27,瑞芳DC,SK03,KPD9998,1001022130,六張黎店,2024-03-27 11:30:00,3/27/2024 2:17:50 PM,3/27/2024 2:35:00 PM
12,2024-03-27,瑞芳DC,SK04,KPD9998,1001015668,崇德店,2024-03-27 11:30:00,3/27/2024 2:24:51 PM,3/27/2024 2:40:00 PM
12,2024-03-27,瑞芳DC,SK05,KPD9998,1001021166,財盛店,2024-03-27 11:30:00,3/27/2024 2:34:20 PM,3/27/2024 2:50:00 PM
12,2024-03-27,瑞芳DC,SK06,KPD9998,1001020063,臨江店,2024-03-27 11:30:00,3/27/2024 2:36:47 PM,3/27/2024 2:55:00 PM
12,2024-03-27,瑞芳DC,SK07,KPD9998,1001019961,通和店,2024-03-27 11:30:00,3/27/2024 2:47:09 PM,3/27/2024 3:00:00 PM
12,2024-03-27,瑞芳DC,SC20,KPD9998,1001015818,興和店,2024-03-27 11:30:00,3/27/2024 2:56:31 PM,3/27/2024 4:00:00 PM
12,2024-03-27,瑞芳DC,SC21,KPD9998,1001020399,義安店,2024-03-27 11:30:00,3/27/2024 3:07:57 PM,3/27/2024 4:05:00 PM
12,2024-03-27,瑞芳DC,SC22,KPD9998,1001017768,安賢店,2024-03-27 11:30:00,3/27/2024 3:13:46 PM,3/27/2024 4:10:00 PM
12,2024-03-27,瑞芳DC,SC23,KPD9998,1001017877,新遠企店,2024-03-27 11:30:00,3/27/2024 3:20:52 PM,3/27/2024 4:15:00 PM
12,2024-03-27,瑞芳DC,SC24,KPD9998,1001023043,樂和店,2024-03-27 11:30:00,3/27/2024 3:23:43 PM,3/27/2024 4:20:00 PM
12,2024-03-27,瑞芳DC,SC25,KPD9998,1001019051,敦鼎店,2024-03-27 11:30:00,3/27/2024 3:31:08 PM,3/27/2024 4:25:00 PM
12,2024-03-27,瑞芳DC,SC26,KPD9998,1001018055,東方店,2024-03-27 11:30:00,3/27/2024 3:35:24 PM,3/27/2024 4:30:00 PM
12,2024-03-27,瑞芳DC,SC27,KPD9998,1001020211,通昌店,2024-03-27 11:30:00,3/27/2024 3:48:17 PM,3/27/2024 4:35:00 PM
12,2024-03-27,瑞芳DC,101DC,KPD9998,3001888888,瑞芳ＤＣ,2024-03-27 11:30:00,3/27/2024 4:27:18 PM,3/27/2024 4:50:00 PM
03,2024-03-28,瑞芳DC,102DC,KPD9998,S3001888888,瑞芳ＤＣ,2024-03-28 07:49:00,3/28/2024 7:11:52 AM,
03,2024-03-28,瑞芳DC,DR01,KPD9998,1001016137,復盛店,2024-03-28 07:49:00,3/28/2024 7:59:23 AM,3/28/2024 8:50:00 AM
03,2024-03-28,瑞芳DC,DL07,KPD9998,1001023213,南港生技店,2024-03-28 07:49:00,3/28/2024 8:57:52 AM,3/28/2024 10:00:00 AM
03,2024-03-28,瑞芳DC,DL08,KPD9998,1001020998,港忠店,2024-03-28 07:49:00,3/28/2024 9:10:45 AM,3/28/2024 10:10:00 AM
03,2024-03-28,瑞芳DC,DL09,KPD9998,1001019031,中研店,2024-03-28 07:49:00,3/28/2024 9:21:03 AM,3/28/2024 10:20:00 AM
03,2024-03-28,瑞芳DC,DL10,KPD9998,1001019502,研究院店,2024-03-28 07:49:00,3/28/2024 9:30:58 AM,3/28/2024 10:30:00 AM
03,2024-03-28,瑞芳DC,DL11,KPD9998,1001015973,國興店,2024-03-28 07:49:00,3/28/2024 9:40:14 AM,3/28/2024 10:40:00 AM
03,2024-03-28,瑞芳DC,DK10,KPD9998,1001020039,汐止興中店,2024-03-28 07:49:00,3/28/2024 9:59:01 AM,3/28/2024 10:30:00 AM
03,2024-03-28,瑞芳DC,DK11,KPD9998,1001023210,汐止興福店,2024-03-28 07:49:00,3/28/2024 9:59:01 AM,3/28/2024 10:40:00 AM
03,2024-03-28,瑞芳DC,102DC,KPD9998,3001888888,瑞芳ＤＣ,2024-03-28 07:49:00,3/28/2024 10:50:09 AM,3/28/2024 11:00:00 AM
03,2024-03-28,瑞芳DC,106DC,KPD9998,S3001888888,瑞芳ＤＣ,2024-03-28 12:08:00,3/28/2024 12:17:52 PM,
03,2024-03-28,瑞芳DC,GM01,KPD9998,1001023044,忠孝光復店,2024-03-28 12:08:00,3/28/2024 12:57:49 PM,3/28/2024 1:10:00 PM
03,2024-03-28,瑞芳DC,GM02,KPD9998,1001022463,國父紀念館店,2024-03-28 12:08:00,3/28/2024 1:08:33 PM,3/28/2024 1:20:00 PM
03,2024-03-28,瑞芳DC,GU05,KPD9998,1001021447,安勝店,2024-03-28 12:08:00,3/28/2024 1:17:49 PM,3/28/2024 1:40:00 PM
03,2024-03-28,瑞芳DC,GU07,KPD9998,1001019081,忠愛店,2024-03-28 12:08:00,3/28/2024 1:33:20 PM,3/28/2024 2:00:00 PM
03,2024-03-28,瑞芳DC,GI09,KPD9998,1001019527,木興店,2024-03-28 12:08:00,3/28/2024 2:02:00 PM,3/28/2024 2:30:00 PM
03,2024-03-28,瑞芳DC,GI10,KPD9998,1001015729,順輝店,2024-03-28 12:08:00,3/28/2024 2:10:38 PM,3/28/2024 2:40:00 PM
03,2024-03-28,瑞芳DC,GI11,KPD9998,1001021400,試院店,2024-03-28 12:08:00,3/28/2024 2:21:10 PM,3/28/2024 2:50:00 PM
03,2024-03-28,瑞芳DC,GH12,KPD9998,1001020149,新店忠誠店,2024-03-28 12:08:00,3/28/2024 2:36:50 PM,3/28/2024 3:10:00 PM
03,2024-03-28,瑞芳DC,GH13,KPD9998,1001023364,新店七張站店,2024-03-28 12:08:00,3/28/2024 2:36:50 PM,3/28/2024 3:20:00 PM
03,2024-03-28,瑞芳DC,106DC,KPD9998,3001888888,瑞芳ＤＣ,2024-03-28 12:08:00,3/28/2024 3:33:50 PM,3/28/2024 3:45:00 PM
03,2024-03-30,瑞芳DC,103DC,KPD9998,S3001888888,瑞芳ＤＣ,2024-03-30 12:42:00,3/30/2024 12:37:29 PM,
03,2024-03-30,瑞芳DC,GV05,KPD9998,1001022952,寶清店,2024-03-30 12:42:00,3/30/2024 1:11:51 PM,3/30/2024 1:40:00 PM
03,2024-03-30,瑞芳DC,GV06,KPD9998,1001020556,松慈店,2024-03-30 12:42:00,3/30/2024 1:20:15 PM,3/30/2024 1:50:00 PM
03,2024-03-30,瑞芳DC,GV07,KPD9998,1001020109,港運店,2024-03-30 12:42:00,3/30/2024 1:31:19 PM,3/30/2024 2:00:00 PM
03,2024-03-30,瑞芳DC,GN15,KPD9998,1001019784,汐止大同店,2024-03-30 12:42:00,3/30/2024 2:11:04 PM,3/30/2024 3:05:00 PM
03,2024-03-30,瑞芳DC,GX06,KPD9998,1001018583,汐止青山店,2024-03-30 12:42:00,3/30/2024 1:56:23 PM,3/30/2024 2:30:00 PM
03,2024-03-30,瑞芳DC,GN16,KPD9998,1001018582,汐止保興店,2024-03-30 12:42:00,3/30/2024 2:16:21 PM,3/30/2024 3:15:00 PM
03,2024-03-30,瑞芳DC,GN17,KPD9998,1001016026,汐止鄉長店,2024-03-30 12:42:00,3/30/2024 2:28:36 PM,3/30/2024 3:20:00 PM
03,2024-03-30,瑞芳DC,GN18,KPD9998,1001018090,汐止和平店,2024-03-30 12:42:00,3/30/2024 2:35:22 PM,3/30/2024 3:25:00 PM
03,2024-03-30,瑞芳DC,GN19,KPD9998,1001022477,汐止農會店,2024-03-30 12:42:00,3/30/2024 2:42:54 PM,3/30/2024 3:35:00 PM
03,2024-03-30,瑞芳DC,GN20,KPD9998,1001022583,汐止秀峰店,2024-03-30 12:42:00,3/30/2024 2:58:52 PM,3/30/2024 3:45:00 PM
03,2024-03-30,瑞芳DC,103DC,KPD9998,3001888888,瑞芳ＤＣ,2024-03-30 12:42:00,3/30/2024 3:53:36 PM,3/30/2024 4:15:00 PM
03,2024-03-31,瑞芳DC,104DC,KPD9998,S3001888888,瑞芳ＤＣ,2024-03-31 12:29:00,3/31/2024 12:47:25 PM,
03,2024-03-31,瑞芳DC,GU04,KPD9998,1001018020,統領店,2024-03-31 12:29:00,,3/31/2024 1:30:00 PM
03,2024-03-31,瑞芳DC,GU05,KPD9998,1001021447,安勝店,2024-03-31 12:29:00,3/31/2024 1:33:33 PM,3/31/2024 1:40:00 PM
03,2024-03-31,瑞芳DC,GU06,KPD9998,1001020150,大安店,2024-03-31 12:29:00,3/31/2024 1:20:52 PM,3/31/2024 1:50:00 PM
03,2024-03-31,瑞芳DC,GV09,KPD9998,1001019610,忠美店,2024-03-31 12:29:00,3/31/2024 2:05:51 PM,3/31/2024 2:20:00 PM
03,2024-03-31,瑞芳DC,GV10,KPD9998,1001023944,信安店,2024-03-31 12:29:00,3/31/2024 2:27:53 PM,3/31/2024 2:30:00 PM
03,2024-03-31,瑞芳DC,GX10,KPD9998,1001022111,汐止智興店,2024-03-31 12:29:00,3/31/2024 2:54:15 PM,3/31/2024 3:05:00 PM
03,2024-03-31,瑞芳DC,GN17,KPD9998,1001016026,汐止鄉長店,2024-03-31 12:29:00,3/31/2024 3:11:32 PM,3/31/2024 3:20:00 PM
03,2024-03-31,瑞芳DC,GN18,KPD9998,1001018090,汐止和平店,2024-03-31 12:29:00,3/31/2024 3:18:42 PM,3/31/2024 3:25:00 PM
03,2024-03-31,瑞芳DC,GN19,KPD9998,1001022477,汐止農會店,2024-03-31 12:29:00,3/31/2024 3:33:27 PM,3/31/2024 3:35:00 PM
03,2024-03-31,瑞芳DC,GN20,KPD9998,1001022583,汐止秀峰店,2024-03-31 12:29:00,3/31/2024 3:49:56 PM,3/31/2024 3:45:00 PM
03,2024-03-31,瑞芳DC,104DC,KPD9998,3001888888,瑞芳ＤＣ,2024-03-31 12:29:00,3/31/2024 4:17:12 PM,3/31/2024 4:01:00 PM
05,2024-04-01,瑞芳DC,901DC,KPD9998,S3001888888,瑞芳ＤＣ,2024-03-31 23:39:00,,
05,2024-04-01,瑞芳DC,OL01,KPD9998,1001022029,汐止龍安店,2024-03-31 23:39:00,4/1/2024 2:25:09 AM,4/1/2024 12:30:00 AM
05,2024-04-01,瑞芳DC,OL02,KPD9998,1001019648,汐止興龍店,2024-03-31 23:39:00,4/1/2024 2:27:29 AM,4/1/2024 12:35:00 AM
05,2024-04-01,瑞芳DC,OL03,KPD9998,1001018092,汐止連新店,2024-03-31 23:39:00,4/1/2024 2:33:18 AM,4/1/2024 12:40:00 AM
05,2024-04-01,瑞芳DC,OL04,KPD9998,1001020638,汐止桂冠店,2024-03-31 23:39:00,4/1/2024 2:38:30 AM,4/1/2024 12:45:00 AM
05,2024-04-01,瑞芳DC,OL05,KPD9998,1001021894,汐止莊敬店,2024-03-31 23:39:00,4/1/2024 2:44:30 AM,4/1/2024 12:50:00 AM
05,2024-04-01,瑞芳DC,901DC,KPD9998,3001888888,瑞芳ＤＣ,2024-03-31 23:39:00,4/1/2024 5:03:22 AM,4/1/2024 1:21:00 AM
05,2024-04-01,瑞芳DC,OLDC,KPD9998,S3001888888,瑞芳ＤＣ,2024-03-31 22:37:00,,
05,2024-04-01,瑞芳DC,OL06,KPD9998,1001021210,汐止興莊店,2024-03-31 22:37:00,4/1/2024 2:47:39 AM,4/1/2024 12:55:00 AM
05,2024-04-01,瑞芳DC,OL07,KPD9998,1001018583,汐止青山店,2024-03-31 22:37:00,4/1/2024 2:53:10 AM,4/1/2024 1:00:00 AM
05,2024-04-01,瑞芳DC,OL08,KPD9998,1001014806,汐止福全店,2024-03-31 22:37:00,4/1/2024 3:02:07 AM,4/1/2024 1:05:00 AM
05,2024-04-01,瑞芳DC,OL09,KPD9998,1001022583,汐止秀峰店,2024-03-31 22:37:00,4/1/2024 3:07:28 AM,4/1/2024 1:10:00 AM
05,2024-04-01,瑞芳DC,OL10,KPD9998,1001016496,汐止新忠孝店,2024-03-31 22:37:00,4/1/2024 3:15:40 AM,4/1/2024 1:15:00 AM
05,2024-04-01,瑞芳DC,OL11,KPD9998,1001016049,汐止橋東店,2024-03-31 22:37:00,4/1/2024 3:19:46 AM,4/1/2024 1:20:00 AM
05,2024-04-01,瑞芳DC,OL12,KPD9998,1001020318,汐止站前店,2024-03-31 22:37:00,4/1/2024 3:18:34 AM,4/1/2024 1:25:00 AM
05,2024-04-01,瑞芳DC,OL13,KPD9998,1001019910,汐止新興店,2024-03-31 22:37:00,4/1/2024 3:31:59 AM,4/1/2024 1:30:00 AM
05,2024-04-01,瑞芳DC,OL14,KPD9998,1001022417,汐止興萬店,2024-03-31 22:37:00,4/1/2024 3:39:42 AM,4/1/2024 1:30:00 AM
05,2024-04-01,瑞芳DC,OL16,KPD9998,1001019501,汐止祥雲店,2024-03-31 22:37:00,4/1/2024 3:44:31 AM,4/1/2024 1:45:00 AM
05,2024-04-01,瑞芳DC,OL17,KPD9998,1001020718,汐止伯爵店,2024-03-31 22:37:00,4/1/2024 4:03:25 AM,4/1/2024 1:50:00 AM
05,2024-04-01,瑞芳DC,OL18,KPD9998,1001017788,汐止福旺店,2024-03-31 22:37:00,4/1/2024 4:12:41 AM,4/1/2024 2:00:00 AM
05,2024-04-01,瑞芳DC,OL19,KPD9998,1001018859,汐止日月光店,2024-03-31 22:37:00,4/1/2024 4:16:44 AM,4/1/2024 2:05:00 AM
05,2024-04-01,瑞芳DC,OL20,KPD9998,1001016217,汐止新水蓮店,2024-03-31 22:37:00,4/1/2024 4:23:33 AM,4/1/2024 2:10:00 AM
05,2024-04-01,瑞芳DC,OL21,KPD9998,1001021490,汐止湖前店,2024-03-31 22:37:00,4/1/2024 4:29:51 AM,4/1/2024 2:25:00 AM
05,2024-04-01,瑞芳DC,OL22,KPD9998,1001021794,汐止東城店,2024-03-31 22:37:00,4/1/2024 4:33:16 AM,4/1/2024 2:30:00 AM
05,2024-04-01,瑞芳DC,OL23,KPD9998,1001022795,汐止鑫峰店,2024-03-31 22:37:00,4/1/2024 4:37:41 AM,4/1/2024 2:35:00 AM
05,2024-04-01,瑞芳DC,OLDC,KPD9998,3001888888,瑞芳ＤＣ,2024-03-31 22:37:00,4/1/2024 5:03:22 AM,4/1/2024 3:54:00 AM
12,2024-04-02,瑞芳DC,101DC,KPD9998,S3001888888,瑞芳ＤＣ,2024-04-02 11:30:00,4/2/2024 12:25:44 PM,
12,2024-04-02,瑞芳DC,SK15,KPD9998,1001021961,台興店,2024-04-02 11:30:00,4/2/2024 1:24:36 PM,4/2/2024 3:50:00 PM
12,2024-04-02,瑞芳DC,SK16,KPD9998,1001018658,台科店,2024-04-02 11:30:00,4/2/2024 1:33:24 PM,4/2/2024 3:55:00 PM
12,2024-04-02,瑞芳DC,SK17,KPD9998,1001022661,台大二活店,2024-04-02 11:30:00,4/2/2024 1:51:12 PM,4/2/2024 4:05:00 PM
12,2024-04-02,瑞芳DC,SK18,KPD9998,1001020038,台一宿舍店,2024-04-02 11:30:00,4/2/2024 1:58:46 PM,4/2/2024 4:15:00 PM
12,2024-04-02,瑞芳DC,SK19,KPD9998,1001022110,台大楓林店,2024-04-02 11:30:00,4/2/2024 2:11:20 PM,4/2/2024 4:20:00 PM
12,2024-04-02,瑞芳DC,SK20,KPD9998,1001022350,台福店,2024-04-02 11:30:00,4/2/2024 2:14:59 PM,4/2/2024 4:30:00 PM
12,2024-04-02,瑞芳DC,SC21,KPD9998,1001020399,義安店,2024-04-02 11:30:00,4/2/2024 2:33:54 PM,4/2/2024 4:05:00 PM
12,2024-04-02,瑞芳DC,SC22,KPD9998,1001017768,安賢店,2024-04-02 11:30:00,4/2/2024 2:48:17 PM,4/2/2024 4:10:00 PM
12,2024-04-02,瑞芳DC,SC23,KPD9998,1001017877,新遠企店,2024-04-02 11:30:00,4/2/2024 2:55:45 PM,4/2/2024 4:15:00 PM
12,2024-04-02,瑞芳DC,SC24,KPD9998,1001023043,樂和店,2024-04-02 11:30:00,4/2/2024 3:00:12 PM,4/2/2024 4:20:00 PM
12,2024-04-02,瑞芳DC,SC25,KPD9998,1001019051,敦鼎店,2024-04-02 11:30:00,4/2/2024 3:05:29 PM,4/2/2024 4:25:00 PM
12,2024-04-02,瑞芳DC,SC26,KPD9998,1001018055,東方店,2024-04-02 11:30:00,4/2/2024 3:11:18 PM,4/2/2024 4:30:00 PM
12,2024-04-02,瑞芳DC,SC27,KPD9998,1001020211,通昌店,2024-04-02 11:30:00,4/2/2024 3:14:51 PM,4/2/2024 4:35:00 PM
12,2024-04-02,瑞芳DC,101DC,KPD9998,3001888888,瑞芳ＤＣ,2024-04-02 11:30:00,4/2/2024 4:06:06 PM,4/2/2024 6:08:00 PM
12,2024-04-03,瑞芳DC,901DC,KPD9998,S3001888888,瑞芳ＤＣ,2024-04-03 12:50:00,4/3/2024 12:49:12 PM,
12,2024-04-03,瑞芳DC,SD16,KPD9998,1001019599,景和店,2024-04-03 12:50:00,4/3/2024 1:42:27 PM,4/3/2024 3:20:00 PM
12,2024-04-03,瑞芳DC,901DC,KPD9998,3001888888,瑞芳ＤＣ,2024-04-03 12:50:00,4/3/2024 4:03:13 PM,4/3/2024 4:02:00 PM
03,2024-04-05,瑞芳DC,103DC,KPD9998,S3001888888,瑞芳ＤＣ,2024-04-05 11:00:00,4/5/2024 12:41:26 PM,
03,2024-04-05,瑞芳DC,GN04,KPD9998,1001022013,七堵永富店,2024-04-05 11:00:00,4/5/2024 12:58:05 PM,4/5/2024 1:15:00 PM
03,2024-04-05,瑞芳DC,GN05,KPD9998,1001019672,七堵自治店,2024-04-05 11:00:00,4/5/2024 1:05:44 PM,4/5/2024 1:25:00 PM
03,2024-04-05,瑞芳DC,GN06,KPD9998,1001015563,七堵大興店,2024-04-05 11:00:00,4/5/2024 1:15:26 PM,4/5/2024 1:35:00 PM
03,2024-04-05,瑞芳DC,GN07,KPD9998,1001021907,七堵東新店,2024-04-05 11:00:00,4/5/2024 1:26:21 PM,4/5/2024 1:45:00 PM
03,2024-04-05,瑞芳DC,GN08,KPD9998,1001023003,七堵泰安店,2024-04-05 11:00:00,4/5/2024 1:35:50 PM,4/5/2024 1:55:00 PM
03,2024-04-05,瑞芳DC,GN09,KPD9998,1001017207,七堵新明德店,2024-04-05 11:00:00,4/5/2024 1:45:09 PM,4/5/2024 2:05:00 PM
03,2024-04-05,瑞芳DC,GX06,KPD9998,1001018583,汐止青山店,2024-04-05 11:00:00,4/5/2024 2:06:10 PM,4/5/2024 2:30:00 PM
03,2024-04-05,瑞芳DC,GX07,KPD9998,1001019910,汐止新興店,2024-04-05 11:00:00,4/5/2024 2:18:27 PM,4/5/2024 2:40:00 PM
03,2024-04-05,瑞芳DC,GV14,KPD9998,1001022592,新中坡店,2024-04-05 11:00:00,4/5/2024 2:47:49 PM,4/5/2024 3:10:00 PM
03,2024-04-05,瑞芳DC,103DC,KPD9998,3001888888,瑞芳ＤＣ,2024-04-05 11:00:00,4/5/2024 3:32:59 PM,4/5/2024 3:52:00 PM
03,2024-04-06,瑞芳DC,101DC,KPD9998,S3001888888,瑞芳ＤＣ,2024-04-06 08:04:00,4/6/2024 7:39:27 AM,
03,2024-04-06,瑞芳DC,DL03,KPD9998,1001022211,行善公宅店,2024-04-06 08:04:00,4/6/2024 8:02:53 AM,4/6/2024 9:00:00 AM
03,2024-04-06,瑞芳DC,DL04,KPD9998,1001022932,行善店,2024-04-06 08:04:00,4/6/2024 8:12:54 AM,4/6/2024 9:10:00 AM
03,2024-04-06,瑞芳DC,DL05,KPD9998,1001022680,興華店,2024-04-06 08:04:00,4/6/2024 8:33:43 AM,4/6/2024 9:20:00 AM
03,2024-04-06,瑞芳DC,DL07,KPD9998,1001023213,南港生技店,2024-04-06 08:04:00,4/6/2024 8:39:51 AM,4/6/2024 10:00:00 AM
03,2024-04-06,瑞芳DC,DY07,KPD9998,1001015531,深坑北福店,2024-04-06 08:04:00,4/6/2024 8:59:04 AM,4/6/2024 10:05:00 AM
03,2024-04-06,瑞芳DC,DY08,KPD9998,1001014888,深坑北深店,2024-04-06 08:04:00,4/6/2024 9:04:49 AM,4/6/2024 10:15:00 AM
03,2024-04-06,瑞芳DC,DW16,KPD9998,1001022752,新店正民店,2024-04-06 08:04:00,4/6/2024 9:28:05 AM,4/6/2024 11:00:00 AM
03,2024-04-06,瑞芳DC,DW17,KPD9998,1001023089,新店中華店,2024-04-06 08:04:00,4/6/2024 9:39:11 AM,4/6/2024 11:10:00 AM
03,2024-04-06,瑞芳DC,DW18,KPD9998,1001020252,新店新華店,2024-04-06 08:04:00,4/6/2024 9:49:54 AM,4/6/2024 11:15:00 AM
03,2024-04-06,瑞芳DC,101DC,KPD9998,3001888888,瑞芳ＤＣ,2024-04-06 08:04:00,4/6/2024 10:37:56 AM,4/6/2024 11:55:00 AM
03,2024-04-06,瑞芳DC,102DC,KPD9998,S3001888888,瑞芳ＤＣ,2024-04-06 11:30:00,4/6/2024 12:50:53 PM,
03,2024-04-06,瑞芳DC,GH04,KPD9998,1001020759,新店福民店,2024-04-06 11:30:00,4/6/2024 1:22:27 PM,4/6/2024 1:50:00 PM
03,2024-04-06,瑞芳DC,GI08,KPD9998,1001016837,明興店,2024-04-06 11:30:00,4/6/2024 1:47:46 PM,4/6/2024 2:20:00 PM
03,2024-04-06,瑞芳DC,GV11,KPD9998,1001023084,松友店,2024-04-06 11:30:00,4/6/2024 2:08:28 PM,4/6/2024 2:40:00 PM
03,2024-04-06,瑞芳DC,GN15,KPD9998,1001019784,汐止大同店,2024-04-06 11:30:00,4/6/2024 2:54:15 PM,4/6/2024 3:05:00 PM
03,2024-04-06,瑞芳DC,GN16,KPD9998,1001018582,汐止保興店,2024-04-06 11:30:00,4/6/2024 3:01:19 PM,4/6/2024 3:15:00 PM
03,2024-04-06,瑞芳DC,GN17,KPD9998,1001016026,汐止鄉長店,2024-04-06 11:30:00,4/6/2024 3:12:56 PM,4/6/2024 3:20:00 PM
03,2024-04-06,瑞芳DC,GN18,KPD9998,1001018090,汐止和平店,2024-04-06 11:30:00,4/6/2024 3:19:54 PM,4/6/2024 3:25:00 PM
03,2024-04-06,瑞芳DC,GN19,KPD9998,1001022477,汐止農會店,2024-04-06 11:30:00,4/6/2024 3:27:37 PM,4/6/2024 3:35:00 PM
03,2024-04-06,瑞芳DC,GN20,KPD9998,1001022583,汐止秀峰店,2024-04-06 11:30:00,4/6/2024 3:39:54 PM,4/6/2024 3:45:00 PM
03,2024-04-06,瑞芳DC,102DC,KPD9998,3001888888,瑞芳ＤＣ,2024-04-06 11:30:00,4/6/2024 4:10:50 PM,4/6/2024 4:23:00 PM
05,2024-04-07,瑞芳DC,LMDC,KPD9998,S3001888888,瑞芳ＤＣ,2024-04-06 17:00:00,4/6/2024 5:52:23 PM,
05,2024-04-07,瑞芳DC,LM01,KPD9998,1001022899,基隆瑞發店,2024-04-06 17:00:00,4/6/2024 5:55:58 PM,4/6/2024 7:00:00 PM
05,2024-04-07,瑞芳DC,LM02,KPD9998,1001023744,基隆暖錠店,2024-04-06 17:00:00,4/6/2024 6:04:53 PM,4/6/2024 7:05:00 PM
05,2024-04-07,瑞芳DC,LM03,KPD9998,1001021672,基隆暖港店,2024-04-06 17:00:00,4/6/2024 6:12:01 PM,4/6/2024 7:10:00 PM
05,2024-04-07,瑞芳DC,LM04,KPD9998,1001018557,八堵車站店,2024-04-06 17:00:00,4/6/2024 6:15:52 PM,4/6/2024 7:15:00 PM
05,2024-04-07,瑞芳DC,LM05,KPD9998,1001020011,新遠雄二店,2024-04-06 17:00:00,4/6/2024 6:57:29 PM,4/6/2024 7:25:00 PM
05,2024-04-07,瑞芳DC,LM06,KPD9998,1001020010,汐止新遠雄店,2024-04-06 17:00:00,4/6/2024 6:57:29 PM,4/6/2024 7:25:00 PM
05,2024-04-07,瑞芳DC,LM09,KPD9998,1001021907,七堵東新店,2024-04-06 17:00:00,4/6/2024 6:40:20 PM,4/6/2024 8:30:00 PM
05,2024-04-07,瑞芳DC,LM10,KPD9998,1001019672,七堵自治店,2024-04-06 17:00:00,4/6/2024 6:33:52 PM,4/6/2024 8:35:00 PM
05,2024-04-07,瑞芳DC,LM11,KPD9998,1001022013,七堵永富店,2024-04-06 17:00:00,4/6/2024 6:26:12 PM,4/6/2024 8:40:00 PM
05,2024-04-07,瑞芳DC,LM12,KPD9998,1001015563,七堵大興店,2024-04-06 17:00:00,4/6/2024 6:28:30 PM,4/6/2024 8:45:00 PM
05,2024-04-07,瑞芳DC,LM13,KPD9998,1001021983,基隆暖東店,2024-04-06 17:00:00,4/6/2024 7:55:56 PM,4/6/2024 9:00:00 PM
05,2024-04-07,瑞芳DC,LM14,KPD9998,1001021336,基隆暖盛店,2024-04-06 17:00:00,4/6/2024 7:59:34 PM,4/6/2024 9:05:00 PM
05,2024-04-07,瑞芳DC,LM15,KPD9998,1001021132,基隆暖鑫店,2024-04-06 17:00:00,4/6/2024 8:05:14 PM,4/6/2024 9:10:00 PM
05,2024-04-07,瑞芳DC,LM16,KPD9998,1001020190,基隆吉市店,2024-04-06 17:00:00,4/6/2024 8:16:04 PM,4/6/2024 9:15:00 PM
05,2024-04-07,瑞芳DC,LM17,KPD9998,1001021078,基隆深美店,2024-04-06 17:00:00,4/6/2024 8:33:20 PM,4/6/2024 9:35:00 PM
05,2024-04-07,瑞芳DC,LM18,KPD9998,1001017150,基隆新深溪店,2024-04-06 17:00:00,4/6/2024 8:39:29 PM,4/6/2024 9:35:00 PM
05,2024-04-07,瑞芳DC,LM19,KPD9998,1001020465,基隆欣豐店,2024-04-06 17:00:00,4/6/2024 8:44:26 PM,4/6/2024 9:45:00 PM
05,2024-04-07,瑞芳DC,LM20,KPD9998,1001022907,基隆富港店,2024-04-06 17:00:00,4/6/2024 8:49:21 PM,4/6/2024 9:55:00 PM
05,2024-04-07,瑞芳DC,LM22,KPD9998,1001021953,基隆海洋店,2024-04-06 17:00:00,4/6/2024 9:02:58 PM,4/6/2024 10:00:00 PM
05,2024-04-07,瑞芳DC,LM23,KPD9998,1001014328,基隆新祥豐店,2024-04-06 17:00:00,4/6/2024 9:09:49 PM,4/6/2024 10:10:00 PM
05,2024-04-07,瑞芳DC,LM24,KPD9998,1001019434,基隆新和一店,2024-04-06 17:00:00,4/6/2024 9:14:12 PM,4/6/2024 10:15:00 PM
05,2024-04-07,瑞芳DC,LM25,KPD9998,1001018271,基隆正港店,2024-04-06 17:00:00,4/6/2024 9:18:31 PM,4/6/2024 10:20:00 PM
05,2024-04-07,瑞芳DC,LM26,KPD9998,1001015670,基隆新正信店,2024-04-06 17:00:00,4/6/2024 9:25:51 PM,4/6/2024 10:25:00 PM
05,2024-04-07,瑞芳DC,LM27,KPD9998,1001022465,基隆信一店,2024-04-06 17:00:00,4/6/2024 9:32:27 PM,4/6/2024 10:30:00 PM
05,2024-04-07,瑞芳DC,LM28,KPD9998,1001020282,基隆新義二店,2024-04-06 17:00:00,4/6/2024 9:34:35 PM,4/6/2024 10:35:00 PM
05,2024-04-07,瑞芳DC,LM29,KPD9998,1001022682,基隆新中船店,2024-04-06 17:00:00,4/6/2024 9:39:15 PM,4/6/2024 10:40:00 PM
05,2024-04-07,瑞芳DC,LMDC,KPD9998,3001888888,瑞芳ＤＣ,2024-04-06 17:00:00,4/6/2024 9:55:27 PM,4/6/2024 10:54:00 PM
05,2024-04-07,瑞芳DC,OMDC,KPD9998,S3001888888,瑞芳ＤＣ,2024-04-06 21:00:00,4/6/2024 10:29:23 PM,
05,2024-04-07,瑞芳DC,OM01,KPD9998,1001021400,試院店,2024-04-06 21:00:00,4/6/2024 11:10:10 PM,4/7/2024 12:30:00 AM
05,2024-04-07,瑞芳DC,OM02,KPD9998,1001018298,世景店,2024-04-06 21:00:00,4/6/2024 11:17:05 PM,4/7/2024 12:30:00 AM
05,2024-04-07,瑞芳DC,OM03,KPD9998,1001022863,景文店,2024-04-06 21:00:00,4/6/2024 11:22:14 PM,4/7/2024 12:35:00 AM
05,2024-04-07,瑞芳DC,OM04,KPD9998,1001019599,景和店,2024-04-06 21:00:00,4/6/2024 11:26:42 PM,4/7/2024 12:35:00 AM
05,2024-04-07,瑞芳DC,OM05,KPD9998,1001016952,景後店,2024-04-06 21:00:00,4/6/2024 11:30:15 PM,4/7/2024 12:40:00 AM
05,2024-04-07,瑞芳DC,OM06,KPD9998,1001018245,華德店,2024-04-06 21:00:00,4/6/2024 11:34:09 PM,4/7/2024 12:40:00 AM
05,2024-04-07,瑞芳DC,OM07,KPD9998,1001017661,景中店,2024-04-06 21:00:00,,4/7/2024 12:45:00 AM
05,2024-04-07,瑞芳DC,OM08,KPD9998,1001020805,萬慶店,2024-04-06 21:00:00,4/6/2024 11:41:12 PM,4/7/2024 12:45:00 AM
05,2024-04-07,瑞芳DC,OM09,KPD9998,1001020275,新文華店,2024-04-06 21:00:00,4/6/2024 11:45:27 PM,4/7/2024 12:50:00 AM
05,2024-04-07,瑞芳DC,OM10,KPD9998,1001021231,羅和店,2024-04-06 21:00:00,4/6/2024 11:45:27 PM,4/7/2024 12:50:00 AM
05,2024-04-07,瑞芳DC,OM12,KPD9998,1001021152,景富店,2024-04-06 21:00:00,4/6/2024 11:53:32 PM,4/7/2024 12:55:00 AM
05,2024-04-07,瑞芳DC,OM13,KPD9998,1001022306,萬和店,2024-04-06 21:00:00,4/6/2024 11:59:18 PM,4/7/2024 1:00:00 AM
05,2024-04-07,瑞芳DC,OM14,KPD9998,1001014208,師美店,2024-04-06 21:00:00,4/7/2024 12:02:14 AM,4/7/2024 1:05:00 AM
05,2024-04-07,瑞芳DC,OM15,KPD9998,1001015531,深坑北福店,2024-04-06 21:00:00,4/7/2024 12:18:40 AM,4/7/2024 1:20:00 AM
05,2024-04-07,瑞芳DC,OM16,KPD9998,1001014888,深坑北深店,2024-04-06 21:00:00,4/7/2024 12:21:23 AM,4/7/2024 1:20:00 AM
05,2024-04-07,瑞芳DC,OM17,KPD9998,1001019256,深坑金典店,2024-04-06 21:00:00,4/7/2024 12:26:34 AM,4/7/2024 1:25:00 AM
05,2024-04-07,瑞芳DC,OM18,KPD9998,1001016992,深坑埔新店,2024-04-06 21:00:00,4/7/2024 12:28:45 AM,4/7/2024 1:30:00 AM
05,2024-04-07,瑞芳DC,OM19,KPD9998,1001019681,深坑昇高店,2024-04-06 21:00:00,4/7/2024 12:30:36 AM,4/7/2024 1:30:00 AM
05,2024-04-07,瑞芳DC,OM20,KPD9998,1001021826,深坑紅葉店,2024-04-06 21:00:00,4/7/2024 12:34:49 AM,4/7/2024 1:35:00 AM
05,2024-04-07,瑞芳DC,OM21,KPD9998,1001023203,石碇國道店,2024-04-06 21:00:00,4/7/2024 12:43:12 AM,4/7/2024 1:40:00 AM
05,2024-04-07,瑞芳DC,OM22,KPD9998,1001023006,坪林順益店,2024-04-06 21:00:00,4/7/2024 1:07:02 AM,4/7/2024 1:55:00 AM
05,2024-04-07,瑞芳DC,OMDC,KPD9998,3001888888,瑞芳ＤＣ,2024-04-06 21:00:00,,4/7/2024 2:40:00 AM
12,2024-04-07,瑞芳DC,SLDC,KPD9998,S3001888888,瑞芳ＤＣ,2024-04-07 11:30:00,4/7/2024 1:12:23 PM,
12,2024-04-07,瑞芳DC,SL01,KPD9998,1001017650,新店景大店,2024-04-07 11:30:00,4/7/2024 1:50:20 PM,4/7/2024 2:30:00 PM
12,2024-04-07,瑞芳DC,SL02,KPD9998,1001023504,新店襄陽店,2024-04-07 11:30:00,4/7/2024 2:10:05 PM,4/7/2024 2:45:00 PM
12,2024-04-07,瑞芳DC,SL03,KPD9998,1001018502,新店香坡店,2024-04-07 11:30:00,4/7/2024 2:13:09 PM,4/7/2024 2:50:00 PM
12,2024-04-07,瑞芳DC,SL04,KPD9998,1001017396,新店康橋店,2024-04-07 11:30:00,4/7/2024 2:30:30 PM,4/7/2024 3:00:00 PM
12,2024-04-07,瑞芳DC,SL05,KPD9998,1001016027,新店城泰店,2024-04-07 11:30:00,4/7/2024 2:46:04 PM,4/7/2024 3:05:00 PM
12,2024-04-07,瑞芳DC,SL06,KPD9998,1001022363,新店如意店,2024-04-07 11:30:00,4/7/2024 2:49:36 PM,4/7/2024 3:10:00 PM
12,2024-04-07,瑞芳DC,SL07,KPD9998,1001021909,新店玫瑰店,2024-04-07 11:30:00,4/7/2024 2:53:21 PM,4/7/2024 3:15:00 PM
12,2024-04-07,瑞芳DC,SL08,KPD9998,1001021232,新店僑信店,2024-04-07 11:30:00,4/7/2024 2:58:38 PM,4/7/2024 3:25:00 PM
12,2024-04-07,瑞芳DC,SL09,KPD9998,1001020454,新店德安店,2024-04-07 11:30:00,4/7/2024 3:04:20 PM,4/7/2024 3:30:00 PM
12,2024-04-07,瑞芳DC,SL10,KPD9998,1001023085,新店永安店,2024-04-07 11:30:00,4/7/2024 3:07:49 PM,4/7/2024 3:35:00 PM
12,2024-04-07,瑞芳DC,SL11,KPD9998,1001018022,新店德順店,2024-04-07 11:30:00,4/7/2024 3:11:17 PM,4/7/2024 3:40:00 PM
12,2024-04-07,瑞芳DC,SL12,KPD9998,1001017527,新店康德店,2024-04-07 11:30:00,4/7/2024 3:14:06 PM,4/7/2024 3:45:00 PM
12,2024-04-07,瑞芳DC,SL13,KPD9998,1001020033,新店陽光店,2024-04-07 11:30:00,4/7/2024 3:20:28 PM,4/7/2024 3:50:00 PM
12,2024-04-07,瑞芳DC,SL14,KPD9998,1001016629,新店安民店,2024-04-07 11:30:00,4/7/2024 3:27:51 PM,4/7/2024 3:55:00 PM
12,2024-04-07,瑞芳DC,SL15,KPD9998,1001023295,新店安順店,2024-04-07 11:30:00,4/7/2024 3:33:01 PM,4/7/2024 4:00:00 PM
12,2024-04-07,瑞芳DC,SL16,KPD9998,1001021763,新店新安店,2024-04-07 11:30:00,4/7/2024 3:42:42 PM,4/7/2024 4:10:00 PM
12,2024-04-07,瑞芳DC,SL17,KPD9998,1001023604,新店新和店,2024-04-07 11:30:00,4/7/2024 3:45:15 PM,4/7/2024 4:15:00 PM
12,2024-04-07,瑞芳DC,SL18,KPD9998,1001021401,新店安和店,2024-04-07 11:30:00,4/7/2024 3:47:44 PM,4/7/2024 4:20:00 PM
12,2024-04-07,瑞芳DC,SL19,KPD9998,1001018995,新店皇家店,2024-04-07 11:30:00,4/7/2024 3:49:43 PM,4/7/2024 4:25:00 PM
12,2024-04-07,瑞芳DC,SLDC,KPD9998,3001888888,瑞芳ＤＣ,2024-04-07 11:30:00,4/7/2024 4:38:58 PM,4/7/2024 5:12:00 PM
03,2024-04-08,瑞芳DC,105DC,KPD9998,S3001888888,瑞芳ＤＣ,2024-04-08 14:12:00,4/8/2024 1:02:26 PM,
03,2024-04-08,瑞芳DC,GG11,KPD9998,1001022750,內科店,2024-04-08 14:12:00,4/8/2024 2:00:26 PM,4/8/2024 3:10:00 PM
03,2024-04-08,瑞芳DC,GG12,KPD9998,1001018709,瑞智店,2024-04-08 14:12:00,4/8/2024 2:15:10 PM,4/8/2024 3:20:00 PM
03,2024-04-08,瑞芳DC,GG13,KPD9998,1001019030,瑞亞店,2024-04-08 14:12:00,4/8/2024 2:32:44 PM,4/8/2024 3:30:00 PM
03,2024-04-08,瑞芳DC,GG14,KPD9998,1001017978,瑞豐店,2024-04-08 14:12:00,4/8/2024 2:48:59 PM,4/8/2024 3:40:00 PM
03,2024-04-08,瑞芳DC,GG15,KPD9998,1001018160,堤頂店,2024-04-08 14:12:00,,4/8/2024 3:50:00 PM
03,2024-04-08,瑞芳DC,GG16,KPD9998,1001018636,陽鑫店,2024-04-08 14:12:00,4/8/2024 3:21:02 PM,4/8/2024 4:00:00 PM
03,2024-04-08,瑞芳DC,GG17,KPD9998,1001020464,陽盛店,2024-04-08 14:12:00,4/8/2024 3:32:22 PM,4/8/2024 4:00:00 PM
03,2024-04-08,瑞芳DC,105DC,KPD9998,3001888888,瑞芳ＤＣ,2024-04-08 14:12:00,4/8/2024 4:08:27 PM,4/8/2024 5:27:00 PM
05,2024-04-09,瑞芳DC,OKDC,KPD9998,S3001888888,瑞芳ＤＣ,2024-04-08 20:25:00,,
05,2024-04-09,瑞芳DC,OK01,KPD9998,1001020063,臨江店,2024-04-08 20:25:00,4/9/2024 2:14:04 AM,4/8/2024 11:45:00 PM
05,2024-04-09,瑞芳DC,OK02,KPD9998,1001022905,安居店,2024-04-08 20:25:00,4/9/2024 2:22:24 AM,4/8/2024 11:50:00 PM
05,2024-04-09,瑞芳DC,OK03,KPD9998,1001022130,六張黎店,2024-04-08 20:25:00,4/9/2024 2:28:44 AM,4/8/2024 11:55:00 PM
05,2024-04-09,瑞芳DC,OK04,KPD9998,1001015668,崇德店,2024-04-08 20:25:00,4/9/2024 2:31:54 AM,4/9/2024 12:00:00 AM
05,2024-04-09,瑞芳DC,OK05,KPD9998,1001020211,通昌店,2024-04-08 20:25:00,4/9/2024 2:38:40 AM,4/9/2024 12:05:00 AM
05,2024-04-09,瑞芳DC,OK06,KPD9998,1001019961,通和店,2024-04-08 20:25:00,4/9/2024 2:42:46 AM,4/9/2024 12:10:00 AM
05,2024-04-09,瑞芳DC,OK07,KPD9998,1001021166,財盛店,2024-04-08 20:25:00,4/9/2024 2:47:00 AM,4/9/2024 12:15:00 AM
05,2024-04-09,瑞芳DC,OK08,KPD9998,1001020129,富興店,2024-04-08 20:25:00,4/9/2024 2:49:49 AM,4/9/2024 12:20:00 AM
05,2024-04-09,瑞芳DC,OK09,KPD9998,1001020557,景聯店,2024-04-08 20:25:00,4/9/2024 2:55:47 AM,4/9/2024 12:25:00 AM
05,2024-04-09,瑞芳DC,OK10,KPD9998,1001017120,三興店,2024-04-08 20:25:00,4/9/2024 2:58:48 AM,4/9/2024 12:30:00 AM
05,2024-04-09,瑞芳DC,OK11,KPD9998,1001017827,復昌店,2024-04-08 20:25:00,4/9/2024 3:02:44 AM,4/9/2024 12:35:00 AM
05,2024-04-09,瑞芳DC,OK12,KPD9998,1001019052,海華店,2024-04-08 20:25:00,4/9/2024 3:11:26 AM,4/9/2024 12:40:00 AM
05,2024-04-09,瑞芳DC,OK14,KPD9998,1001021879,忠林店,2024-04-08 20:25:00,4/9/2024 3:15:19 AM,4/9/2024 12:45:00 AM
05,2024-04-09,瑞芳DC,OK15,KPD9998,1001019610,忠美店,2024-04-08 20:25:00,4/9/2024 3:19:12 AM,4/9/2024 12:50:00 AM
05,2024-04-09,瑞芳DC,OK16,KPD9998,1001020836,松安店,2024-04-08 20:25:00,4/9/2024 3:22:57 AM,4/9/2024 12:55:00 AM
05,2024-04-09,瑞芳DC,OK17,KPD9998,1001022235,忠信店,2024-04-08 20:25:00,4/9/2024 3:15:19 AM,4/9/2024 1:00:00 AM
05,2024-04-09,瑞芳DC,OK18,KPD9998,1001022906,欣富台店,2024-04-08 20:25:00,4/9/2024 3:33:42 AM,4/9/2024 1:05:00 AM
05,2024-04-09,瑞芳DC,OK19,KPD9998,1001017679,永孝店,2024-04-08 20:25:00,4/9/2024 3:37:33 AM,4/9/2024 1:10:00 AM
05,2024-04-09,瑞芳DC,OK20,KPD9998,1001019505,永吉二店,2024-04-08 20:25:00,4/9/2024 3:40:49 AM,4/9/2024 1:15:00 AM
05,2024-04-09,瑞芳DC,OK21,KPD9998,1001018456,永林店,2024-04-08 20:25:00,4/9/2024 3:50:20 AM,4/9/2024 1:20:00 AM
05,2024-04-09,瑞芳DC,OKDC,KPD9998,3001888888,瑞芳ＤＣ,2024-04-08 20:25:00,4/9/2024 1:00:14 AM,4/9/2024 1:51:00 AM
03,2024-04-10,瑞芳DC,106DC,KPD9998,S3001888888,瑞芳ＤＣ,2024-04-10 12:39:00,,
03,2024-04-10,瑞芳DC,GL03,KPD9998,1001015818,興和店,2024-04-10 12:39:00,4/10/2024 1:14:12 PM,4/10/2024 1:50:00 PM
03,2024-04-10,瑞芳DC,GP05,KPD9998,1001020914,興仁店,2024-04-10 12:39:00,4/10/2024 1:24:24 PM,4/10/2024 2:00:00 PM
03,2024-04-10,瑞芳DC,GP06,KPD9998,1001018902,興忠店,2024-04-10 12:39:00,4/10/2024 1:24:24 PM,4/10/2024 2:05:00 PM
03,2024-04-10,瑞芳DC,GU10,KPD9998,1001021426,敦安店,2024-04-10 12:39:00,4/10/2024 1:48:53 PM,4/10/2024 2:30:00 PM
03,2024-04-10,瑞芳DC,GU11,KPD9998,1001016909,和信店,2024-04-10 12:39:00,4/10/2024 1:59:05 PM,4/10/2024 2:40:00 PM
03,2024-04-10,瑞芳DC,GU12,KPD9998,1001022813,安富店,2024-04-10 12:39:00,4/10/2024 2:10:47 PM,4/10/2024 2:50:00 PM
03,2024-04-10,瑞芳DC,GM12,KPD9998,1001017120,三興店,2024-04-10 12:39:00,4/10/2024 2:34:23 PM,4/10/2024 2:30:00 PM
03,2024-04-10,瑞芳DC,GM13,KPD9998,1001017827,復昌店,2024-04-10 12:39:00,4/10/2024 2:49:37 PM,4/10/2024 2:35:00 PM
03,2024-04-10,瑞芳DC,GR13,KPD9998,1001018712,逸鑫店,2024-04-10 12:39:00,4/10/2024 3:05:44 PM,4/10/2024 3:10:00 PM
03,2024-04-10,瑞芳DC,106DC,KPD9998,3001888888,瑞芳ＤＣ,2024-04-10 12:39:00,4/10/2024 3:51:20 PM,4/10/2024 5:24:00 PM
03,2024-04-11,瑞芳DC,105DC,KPD9998,S3001888888,瑞芳ＤＣ,2024-04-11 12:30:00,4/11/2024 12:32:30 PM,
03,2024-04-11,瑞芳DC,GX06,KPD9998,1001018583,汐止青山店,2024-04-11 12:30:00,4/11/2024 12:56:11 PM,4/11/2024 2:30:00 PM
03,2024-04-11,瑞芳DC,GV09,KPD9998,1001019610,忠美店,2024-04-11 12:30:00,4/11/2024 1:23:16 PM,4/11/2024 2:20:00 PM
03,2024-04-11,瑞芳DC,GV10,KPD9998,1001023944,信安店,2024-04-11 12:30:00,4/11/2024 1:40:19 PM,4/11/2024 2:30:00 PM
03,2024-04-11,瑞芳DC,GI11,KPD9998,1001021400,試院店,2024-04-11 12:30:00,4/11/2024 2:15:36 PM,4/11/2024 2:50:00 PM
03,2024-04-11,瑞芳DC,GI12,KPD9998,1001017245,大順店,2024-04-11 12:30:00,4/11/2024 2:02:26 PM,4/11/2024 3:00:00 PM
03,2024-04-11,瑞芳DC,GH12,KPD9998,1001020149,新店忠誠店,2024-04-11 12:30:00,4/11/2024 2:29:23 PM,4/11/2024 3:10:00 PM
03,2024-04-11,瑞芳DC,GH13,KPD9998,1001023364,新店七張站店,2024-04-11 12:30:00,4/11/2024 2:29:23 PM,4/11/2024 3:20:00 PM
03,2024-04-11,瑞芳DC,GH14,KPD9998,1001020253,新店華盛店,2024-04-11 12:30:00,4/11/2024 2:49:25 PM,4/11/2024 3:30:00 PM
03,2024-04-11,瑞芳DC,105DC,KPD9998,3001888888,瑞芳ＤＣ,2024-04-11 12:30:00,4/11/2024 4:22:04 PM,4/11/2024 6:04:00 PM
03,2024-04-12,瑞芳DC,107DC,KPD9998,S3001888888,瑞芳ＤＣ,2024-04-12 11:30:00,4/12/2024 12:39:35 PM,
03,2024-04-12,瑞芳DC,GP06,KPD9998,1001018902,興忠店,2024-04-12 11:30:00,4/12/2024 1:14:35 PM,4/12/2024 2:05:00 PM
03,2024-04-12,瑞芳DC,GP07,KPD9998,1001021762,復豪店,2024-04-12 11:30:00,4/12/2024 1:23:24 PM,4/12/2024 2:15:00 PM
03,2024-04-12,瑞芳DC,GL02,KPD9998,1001018052,興南店,2024-04-12 11:30:00,4/12/2024 1:32:12 PM,4/12/2024 1:40:00 PM
03,2024-04-12,瑞芳DC,GI10,KPD9998,1001015729,順輝店,2024-04-12 11:30:00,4/12/2024 1:58:13 PM,4/12/2024 2:40:00 PM
03,2024-04-12,瑞芳DC,GI11,KPD9998,1001021400,試院店,2024-04-12 11:30:00,4/12/2024 2:16:26 PM,4/12/2024 2:50:00 PM
03,2024-04-12,瑞芳DC,GH13,KPD9998,1001023364,新店七張站店,2024-04-12 11:30:00,4/12/2024 2:33:44 PM,4/12/2024 3:20:00 PM
03,2024-04-12,瑞芳DC,GH14,KPD9998,1001020253,新店華盛店,2024-04-12 11:30:00,4/12/2024 2:47:26 PM,4/12/2024 3:30:00 PM
03,2024-04-12,瑞芳DC,GH15,KPD9998,1001021540,新店中欣店,2024-04-12 11:30:00,4/12/2024 2:54:12 PM,4/12/2024 3:35:00 PM
03,2024-04-12,瑞芳DC,107DC,KPD9998,3001888888,瑞芳ＤＣ,2024-04-12 11:30:00,4/12/2024 4:01:27 PM,4/12/2024 4:21:00 PM
03,2024-04-14,瑞芳DC,102DC,KPD9998,S3001888888,瑞芳ＤＣ,2024-04-14 08:12:00,4/14/2024 8:02:30 AM,
03,2024-04-14,瑞芳DC,DY02,KPD9998,1001021132,基隆暖鑫店,2024-04-14 08:12:00,4/14/2024 8:12:43 AM,4/14/2024 8:50:00 AM
03,2024-04-14,瑞芳DC,DI01,KPD9998,1001018477,基隆精一店,2024-04-14 08:12:00,4/14/2024 8:33:45 AM,4/14/2024 8:50:00 AM
03,2024-04-14,瑞芳DC,DN05,KPD9998,1001020836,松安店,2024-04-14 08:12:00,4/14/2024 9:15:32 AM,4/14/2024 9:20:00 AM
03,2024-04-14,瑞芳DC,DL07,KPD9998,1001023213,南港生技店,2024-04-14 08:12:00,4/14/2024 9:35:18 AM,4/14/2024 10:00:00 AM
03,2024-04-14,瑞芳DC,DL08,KPD9998,1001020998,港忠店,2024-04-14 08:12:00,4/14/2024 9:48:21 AM,4/14/2024 10:10:00 AM
03,2024-04-14,瑞芳DC,DL09,KPD9998,1001019031,中研店,2024-04-14 08:12:00,4/14/2024 9:57:27 AM,4/14/2024 10:20:00 AM
03,2024-04-14,瑞芳DC,DL10,KPD9998,1001019502,研究院店,2024-04-14 08:12:00,4/14/2024 10:06:46 AM,4/14/2024 10:30:00 AM
03,2024-04-14,瑞芳DC,DO14,KPD9998,1001016895,德陽店,2024-04-14 08:12:00,4/14/2024 10:35:13 AM,4/14/2024 11:10:00 AM
03,2024-04-14,瑞芳DC,DO15,KPD9998,1001018769,瑞興店,2024-04-14 08:12:00,4/14/2024 10:47:47 AM,4/14/2024 11:20:00 AM
03,2024-04-14,瑞芳DC,DO16,KPD9998,1001021673,瑞湖店,2024-04-14 08:12:00,4/14/2024 10:58:18 AM,4/14/2024 11:30:00 AM
03,2024-04-14,瑞芳DC,DO17,KPD9998,1001018053,瑞光店,2024-04-14 08:12:00,4/14/2024 11:13:54 AM,4/14/2024 11:40:00 AM
03,2024-04-14,瑞芳DC,102DC,KPD9998,3001888888,瑞芳ＤＣ,2024-04-14 08:12:00,4/14/2024 11:57:54 AM,4/14/2024 12:18:00 PM
05,2024-04-15,瑞芳DC,101DC,KPD9998,S3001888888,瑞芳ＤＣ,2024-04-14 18:51:00,,
05,2024-04-15,瑞芳DC,LJ03,KPD9998,1001020633,瑞芳前站店,2024-04-14 18:51:00,4/14/2024 5:33:44 PM,4/14/2024 7:30:00 PM
05,2024-04-15,瑞芳DC,LJ04,KPD9998,1001020099,瑞芳龍川店,2024-04-14 18:51:00,4/14/2024 5:40:32 PM,4/14/2024 7:35:00 PM
05,2024-04-15,瑞芳DC,LJ05,KPD9998,1001021895,瑞芳明燈店,2024-04-14 18:51:00,4/14/2024 5:29:51 PM,4/14/2024 7:45:00 PM
05,2024-04-15,瑞芳DC,LJ06,KPD9998,1001017772,瑞芳傑魚坑店,2024-04-14 18:51:00,4/14/2024 5:21:46 PM,4/14/2024 7:50:00 PM
05,2024-04-15,瑞芳DC,LL01,KPD9998,1001017309,建鑫店,2024-04-14 18:51:00,4/14/2024 6:23:53 PM,4/14/2024 7:50:00 PM
05,2024-04-15,瑞芳DC,LL02,KPD9998,1001022813,安富店,2024-04-14 18:51:00,4/14/2024 6:43:35 PM,4/14/2024 7:55:00 PM
05,2024-04-15,瑞芳DC,LL03,KPD9998,1001017725,敦新店,2024-04-14 18:51:00,4/14/2024 6:50:54 PM,4/14/2024 8:00:00 PM
05,2024-04-15,瑞芳DC,LL04,KPD9998,1001021426,敦安店,2024-04-14 18:51:00,4/14/2024 6:58:02 PM,4/14/2024 8:05:00 PM
05,2024-04-15,瑞芳DC,LL05,KPD9998,1001016909,和信店,2024-04-14 18:51:00,4/14/2024 7:02:38 PM,4/14/2024 8:10:00 PM
05,2024-04-15,瑞芳DC,LL06,KPD9998,1001016838,光復南路店,2024-04-14 18:51:00,4/14/2024 7:08:11 PM,4/14/2024 8:20:00 PM
05,2024-04-15,瑞芳DC,LL07,KPD9998,1001020878,忠孝延吉店,2024-04-14 18:51:00,4/14/2024 7:15:06 PM,4/14/2024 8:25:00 PM
05,2024-04-15,瑞芳DC,LL08,KPD9998,1001023044,忠孝光復店,2024-04-14 18:51:00,4/14/2024 7:15:06 PM,4/14/2024 8:30:00 PM
05,2024-04-15,瑞芳DC,101DC,KPD9998,3001888888,瑞芳ＤＣ,2024-04-14 18:51:00,4/14/2024 8:07:54 PM,4/14/2024 9:54:00 PM
04,2024-04-18,瑞芳DC,101DC,KPD9998,S3001888888,瑞芳ＤＣ,2024-04-18 13:00:00,4/18/2024 1:05:41 PM,
04,2024-04-18,瑞芳DC,WG16,KPD9998,1001017309,建鑫店,2024-04-18 13:00:00,4/18/2024 1:36:33 PM,4/18/2024 2:30:00 PM
04,2024-04-18,瑞芳DC,WG23,KPD9998,1001020665,莊新店,2024-04-18 13:00:00,4/18/2024 1:50:01 PM,4/18/2024 3:15:00 PM
04,2024-04-18,瑞芳DC,WG24,KPD9998,1001020129,富興店,2024-04-18 13:00:00,4/18/2024 1:54:45 PM,4/18/2024 3:20:00 PM
04,2024-04-18,瑞芳DC,WG25,KPD9998,1001020557,景聯店,2024-04-18 13:00:00,4/18/2024 2:01:14 PM,4/18/2024 3:25:00 PM
04,2024-04-18,瑞芳DC,WG26,KPD9998,1001017120,三興店,2024-04-18 13:00:00,4/18/2024 2:09:07 PM,4/18/2024 3:30:00 PM
04,2024-04-18,瑞芳DC,WG27,KPD9998,1001020523,新貿店,2024-04-18 13:00:00,4/18/2024 2:18:28 PM,4/18/2024 3:35:00 PM
04,2024-04-18,瑞芳DC,WF21,KPD9998,1001021889,協和店,2024-04-18 13:00:00,4/18/2024 2:32:02 PM,4/18/2024 3:05:00 PM
04,2024-04-18,瑞芳DC,WF22,KPD9998,1001022592,新中坡店,2024-04-18 13:00:00,4/18/2024 2:36:45 PM,4/18/2024 3:10:00 PM
04,2024-04-18,瑞芳DC,WF23,KPD9998,1001019401,松盛店,2024-04-18 13:00:00,4/18/2024 2:49:03 PM,4/18/2024 3:20:00 PM
04,2024-04-18,瑞芳DC,WF25,KPD9998,1001019503,新松林店,2024-04-18 13:00:00,4/18/2024 2:51:18 PM,4/18/2024 3:30:00 PM
04,2024-04-18,瑞芳DC,WF26,KPD9998,1001019505,永吉二店,2024-04-18 13:00:00,4/18/2024 2:55:27 PM,4/18/2024 3:40:00 PM
04,2024-04-18,瑞芳DC,101DC,KPD9998,3001888888,瑞芳ＤＣ,2024-04-18 13:00:00,4/18/2024 4:00:13 PM,4/18/2024 5:37:00 PM
12,2024-04-19,瑞芳DC,902DC,KPD9998,S3001888888,瑞芳ＤＣ,2024-04-19 11:30:00,4/19/2024 12:40:49 PM,
12,2024-04-19,瑞芳DC,SK15,KPD9998,1001021961,台興店,2024-04-19 11:30:00,4/19/2024 1:42:52 PM,4/19/2024 3:30:00 PM
12,2024-04-19,瑞芳DC,SK16,KPD9998,1001018658,台科店,2024-04-19 11:30:00,4/19/2024 1:53:11 PM,4/19/2024 3:35:00 PM
12,2024-04-19,瑞芳DC,SK17,KPD9998,1001022661,台大二活店,2024-04-19 11:30:00,4/19/2024 2:03:46 PM,4/19/2024 3:45:00 PM
12,2024-04-19,瑞芳DC,SK18,KPD9998,1001020038,台一宿舍店,2024-04-19 11:30:00,4/19/2024 2:13:44 PM,4/19/2024 3:55:00 PM
12,2024-04-19,瑞芳DC,SK19,KPD9998,1001022110,台大楓林店,2024-04-19 11:30:00,4/19/2024 2:25:25 PM,4/19/2024 4:00:00 PM
12,2024-04-19,瑞芳DC,SK20,KPD9998,1001022350,台福店,2024-04-19 11:30:00,4/19/2024 2:29:15 PM,4/19/2024 4:10:00 PM
12,2024-04-19,瑞芳DC,SK21,KPD9998,1001022122,羅騰店,2024-04-19 11:30:00,4/19/2024 2:37:22 PM,4/19/2024 4:15:00 PM
12,2024-04-19,瑞芳DC,SC20,KPD9998,1001015818,興和店,2024-04-19 11:30:00,4/19/2024 2:47:12 PM,4/19/2024 4:00:00 PM
12,2024-04-19,瑞芳DC,SC21,KPD9998,1001020399,義安店,2024-04-19 11:30:00,4/19/2024 2:57:10 PM,4/19/2024 4:05:00 PM
12,2024-04-19,瑞芳DC,SC22,KPD9998,1001017768,安賢店,2024-04-19 11:30:00,4/19/2024 3:06:34 PM,4/19/2024 4:10:00 PM
12,2024-04-19,瑞芳DC,SC23,KPD9998,1001017877,新遠企店,2024-04-19 11:30:00,4/19/2024 3:14:00 PM,4/19/2024 4:15:00 PM
12,2024-04-19,瑞芳DC,SC24,KPD9998,1001023043,樂和店,2024-04-19 11:30:00,4/19/2024 3:20:00 PM,4/19/2024 4:20:00 PM
12,2024-04-19,瑞芳DC,SC25,KPD9998,1001019051,敦鼎店,2024-04-19 11:30:00,4/19/2024 3:29:00 PM,4/19/2024 4:25:00 PM
12,2024-04-19,瑞芳DC,SC26,KPD9998,1001018055,東方店,2024-04-19 11:30:00,4/19/2024 3:33:39 PM,4/19/2024 4:30:00 PM
12,2024-04-19,瑞芳DC,SC27,KPD9998,1001020211,通昌店,2024-04-19 11:30:00,4/19/2024 3:38:26 PM,4/19/2024 4:35:00 PM
12,2024-04-19,瑞芳DC,902DC,KPD9998,3001888888,瑞芳ＤＣ,2024-04-19 11:30:00,4/19/2024 4:15:50 PM,4/19/2024 6:01:00 PM
12,2024-04-24,瑞芳DC,902DC,KPD9998,S3001888888,瑞芳ＤＣ,2024-04-24 11:30:00,4/24/2024 1:12:22 PM,
12,2024-04-24,瑞芳DC,SK10,KPD9998,1001019500,泰順店,2024-04-24 11:30:00,4/24/2024 2:22:01 PM,4/24/2024 3:00:00 PM
12,2024-04-24,瑞芳DC,SK11,KPD9998,1001018080,和新店,2024-04-24 11:30:00,4/24/2024 2:28:23 PM,4/24/2024 3:05:00 PM
12,2024-04-24,瑞芳DC,SK12,KPD9998,1001021296,辛亥店,2024-04-24 11:30:00,4/24/2024 2:44:58 PM,4/24/2024 3:10:00 PM
12,2024-04-24,瑞芳DC,SK13,KPD9998,1001018665,和東店,2024-04-24 11:30:00,4/24/2024 2:49:59 PM,4/24/2024 3:15:00 PM
12,2024-04-24,瑞芳DC,SK14,KPD9998,1001021968,和茂店,2024-04-24 11:30:00,4/24/2024 3:05:39 PM,4/24/2024 3:20:00 PM
12,2024-04-24,瑞芳DC,SK15,KPD9998,1001021961,台興店,2024-04-24 11:30:00,4/24/2024 3:12:44 PM,4/24/2024 3:30:00 PM
12,2024-04-24,瑞芳DC,SC22,KPD9998,1001017768,安賢店,2024-04-24 11:30:00,4/24/2024 3:25:08 PM,4/24/2024 4:10:00 PM
12,2024-04-24,瑞芳DC,SC23,KPD9998,1001017877,新遠企店,2024-04-24 11:30:00,4/24/2024 3:35:35 PM,4/24/2024 4:15:00 PM
12,2024-04-24,瑞芳DC,SC24,KPD9998,1001023043,樂和店,2024-04-24 11:30:00,4/24/2024 3:40:12 PM,4/24/2024 4:20:00 PM
12,2024-04-24,瑞芳DC,SC25,KPD9998,1001019051,敦鼎店,2024-04-24 11:30:00,4/24/2024 3:44:42 PM,4/24/2024 4:25:00 PM
12,2024-04-24,瑞芳DC,SC26,KPD9998,1001018055,東方店,2024-04-24 11:30:00,4/24/2024 3:48:23 PM,4/24/2024 4:30:00 PM
12,2024-04-24,瑞芳DC,SC27,KPD9998,1001020211,通昌店,2024-04-24 11:30:00,4/24/2024 3:54:59 PM,4/24/2024 4:35:00 PM
12,2024-04-24,瑞芳DC,902DC,KPD9998,3001888888,瑞芳ＤＣ,2024-04-24 11:30:00,4/24/2024 4:34:12 PM,4/24/2024 5:04:00 PM
12,2024-04-25,瑞芳DC,903DC,KPD9998,S3001888888,瑞芳ＤＣ,2024-04-25 11:30:00,4/25/2024 1:14:23 PM,
12,2024-04-25,瑞芳DC,SK15,KPD9998,1001021961,台興店,2024-04-25 11:30:00,4/25/2024 1:43:29 PM,4/25/2024 3:30:00 PM
12,2024-04-25,瑞芳DC,SK16,KPD9998,1001018658,台科店,2024-04-25 11:30:00,4/25/2024 1:51:10 PM,4/25/2024 3:35:00 PM
12,2024-04-25,瑞芳DC,SK17,KPD9998,1001022661,台大二活店,2024-04-25 11:30:00,4/25/2024 1:58:38 PM,4/25/2024 3:45:00 PM
12,2024-04-25,瑞芳DC,SK18,KPD9998,1001020038,台一宿舍店,2024-04-25 11:30:00,4/25/2024 2:07:41 PM,4/25/2024 3:55:00 PM
12,2024-04-25,瑞芳DC,SK19,KPD9998,1001022110,台大楓林店,2024-04-25 11:30:00,4/25/2024 2:15:57 PM,4/25/2024 4:00:00 PM
12,2024-04-25,瑞芳DC,SK20,KPD9998,1001022350,台福店,2024-04-25 11:30:00,4/25/2024 2:19:45 PM,4/25/2024 4:10:00 PM
12,2024-04-25,瑞芳DC,SK21,KPD9998,1001022122,羅騰店,2024-04-25 11:30:00,4/25/2024 2:29:25 PM,4/25/2024 4:15:00 PM
12,2024-04-25,瑞芳DC,SC21,KPD9998,1001020399,義安店,2024-04-25 11:30:00,4/25/2024 2:42:03 PM,4/25/2024 4:05:00 PM
12,2024-04-25,瑞芳DC,SC22,KPD9998,1001017768,安賢店,2024-04-25 11:30:00,4/25/2024 2:49:35 PM,4/25/2024 4:10:00 PM
12,2024-04-25,瑞芳DC,SC23,KPD9998,1001017877,新遠企店,2024-04-25 11:30:00,4/25/2024 2:58:20 PM,4/25/2024 4:15:00 PM
12,2024-04-25,瑞芳DC,SC24,KPD9998,1001023043,樂和店,2024-04-25 11:30:00,4/25/2024 3:01:50 PM,4/25/2024 4:20:00 PM
12,2024-04-25,瑞芳DC,SC25,KPD9998,1001019051,敦鼎店,2024-04-25 11:30:00,4/25/2024 3:08:04 PM,4/25/2024 4:25:00 PM
12,2024-04-25,瑞芳DC,SC26,KPD9998,1001018055,東方店,2024-04-25 11:30:00,4/25/2024 3:12:37 PM,4/25/2024 4:30:00 PM
12,2024-04-25,瑞芳DC,SC27,KPD9998,1001020211,通昌店,2024-04-25 11:30:00,4/25/2024 3:18:17 PM,4/25/2024 4:35:00 PM
12,2024-04-25,瑞芳DC,903DC,KPD9998,3001888888,瑞芳ＤＣ,2024-04-25 11:30:00,4/25/2024 3:53:54 PM,4/25/2024 5:54:00 PM
12,2024-04-29,瑞芳DC,101DC,KPD9998,S3001888888,瑞芳ＤＣ,2024-04-29 11:30:00,4/29/2024 1:19:28 PM,
12,2024-04-29,瑞芳DC,SK02,KPD9998,1001022905,安居店,2024-04-29 11:30:00,4/29/2024 2:26:53 PM,4/29/2024 2:10:00 PM
12,2024-04-29,瑞芳DC,SK03,KPD9998,1001022130,六張黎店,2024-04-29 11:30:00,4/29/2024 2:35:09 PM,4/29/2024 2:15:00 PM
12,2024-04-29,瑞芳DC,SK04,KPD9998,1001015668,崇德店,2024-04-29 11:30:00,4/29/2024 2:39:58 PM,4/29/2024 2:20:00 PM
12,2024-04-29,瑞芳DC,SK05,KPD9998,1001021166,財盛店,2024-04-29 11:30:00,4/29/2024 2:53:12 PM,4/29/2024 2:30:00 PM
12,2024-04-29,瑞芳DC,SK06,KPD9998,1001020063,臨江店,2024-04-29 11:30:00,4/29/2024 2:53:12 PM,4/29/2024 2:35:00 PM
12,2024-04-29,瑞芳DC,SK07,KPD9998,1001019961,通和店,2024-04-29 11:30:00,4/29/2024 3:04:59 PM,4/29/2024 2:40:00 PM
12,2024-04-29,瑞芳DC,SK08,KPD9998,1001022483,成功店,2024-04-29 11:30:00,4/29/2024 3:16:29 PM,4/29/2024 2:50:00 PM
12,2024-04-29,瑞芳DC,SC21,KPD9998,1001020399,義安店,2024-04-29 11:30:00,4/29/2024 3:32:31 PM,4/29/2024 4:05:00 PM
12,2024-04-29,瑞芳DC,SC22,KPD9998,1001017768,安賢店,2024-04-29 11:30:00,4/29/2024 3:41:22 PM,4/29/2024 4:10:00 PM
12,2024-04-29,瑞芳DC,SC23,KPD9998,1001017877,新遠企店,2024-04-29 11:30:00,4/29/2024 3:50:44 PM,4/29/2024 4:15:00 PM
12,2024-04-29,瑞芳DC,SC24,KPD9998,1001023043,樂和店,2024-04-29 11:30:00,4/29/2024 3:57:03 PM,4/29/2024 4:20:00 PM
12,2024-04-29,瑞芳DC,SC25,KPD9998,1001019051,敦鼎店,2024-04-29 11:30:00,4/29/2024 4:01:12 PM,4/29/2024 4:25:00 PM
12,2024-04-29,瑞芳DC,SC26,KPD9998,1001018055,東方店,2024-04-29 11:30:00,4/29/2024 4:07:27 PM,4/29/2024 4:30:00 PM
12,2024-04-29,瑞芳DC,SC27,KPD9998,1001020211,通昌店,2024-04-29 11:30:00,4/29/2024 4:11:45 PM,4/29/2024 4:35:00 PM
12,2024-04-29,瑞芳DC,101DC,KPD9998,3001888888,瑞芳ＤＣ,2024-04-29 11:30:00,,4/29/2024 4:29:00 PM
12,2024-05-01,瑞芳DC,101DC,KPD9998,S3001888888,瑞芳ＤＣ,2024-05-01 11:30:00,5/1/2024 1:14:10 PM,
12,2024-05-01,瑞芳DC,SK01,KPD9998,1001021128,二繽店,2024-05-01 11:30:00,5/1/2024 1:49:14 PM,5/1/2024 2:00:00 PM
12,2024-05-01,瑞芳DC,SK02,KPD9998,1001022905,安居店,2024-05-01 11:30:00,5/1/2024 1:59:13 PM,5/1/2024 2:10:00 PM
12,2024-05-01,瑞芳DC,SK03,KPD9998,1001022130,六張黎店,2024-05-01 11:30:00,5/1/2024 2:07:38 PM,5/1/2024 2:15:00 PM
12,2024-05-01,瑞芳DC,SK04,KPD9998,1001015668,崇德店,2024-05-01 11:30:00,5/1/2024 2:12:08 PM,5/1/2024 2:20:00 PM
12,2024-05-01,瑞芳DC,SK05,KPD9998,1001021166,財盛店,2024-05-01 11:30:00,5/1/2024 2:22:31 PM,5/1/2024 2:30:00 PM
12,2024-05-01,瑞芳DC,SK06,KPD9998,1001020063,臨江店,2024-05-01 11:30:00,5/1/2024 2:25:19 PM,5/1/2024 2:35:00 PM
12,2024-05-01,瑞芳DC,SK07,KPD9998,1001019961,通和店,2024-05-01 11:30:00,5/1/2024 2:35:06 PM,5/1/2024 2:40:00 PM
12,2024-05-01,瑞芳DC,SC12,KPD9998,1001016790,大森店,2024-05-01 11:30:00,5/1/2024 2:52:36 PM,5/1/2024 3:15:00 PM
12,2024-05-01,瑞芳DC,SC13,KPD9998,1001014695,信美店,2024-05-01 11:30:00,5/1/2024 2:57:25 PM,5/1/2024 3:20:00 PM
12,2024-05-01,瑞芳DC,SC14,KPD9998,1001022593,義興店,2024-05-01 11:30:00,5/1/2024 3:02:16 PM,5/1/2024 3:25:00 PM
12,2024-05-01,瑞芳DC,SC15,KPD9998,1001019160,復豐店,2024-05-01 11:30:00,5/1/2024 3:05:59 PM,5/1/2024 3:30:00 PM
12,2024-05-01,瑞芳DC,SC16,KPD9998,1001021762,復豪店,2024-05-01 11:30:00,5/1/2024 3:14:32 PM,5/1/2024 3:35:00 PM
12,2024-05-01,瑞芳DC,SC17,KPD9998,1001018052,興南店,2024-05-01 11:30:00,5/1/2024 3:02:16 PM,5/1/2024 3:40:00 PM
12,2024-05-01,瑞芳DC,SC18,KPD9998,1001022101,建國店,2024-05-01 11:30:00,5/1/2024 3:21:18 PM,5/1/2024 3:45:00 PM
12,2024-05-01,瑞芳DC,101DC,KPD9998,3001888888,瑞芳ＤＣ,2024-05-01 11:30:00,5/1/2024 3:57:44 PM,5/1/2024 4:09:00 PM
12,2024-05-02,瑞芳DC,101DC,KPD9998,S3001888888,瑞芳ＤＣ,2024-05-02 11:30:00,5/2/2024 12:19:17 PM,
12,2024-05-02,瑞芳DC,SK11,KPD9998,1001018080,和新店,2024-05-02 11:30:00,5/2/2024 1:47:35 PM,5/2/2024 3:05:00 PM
12,2024-05-02,瑞芳DC,SK12,KPD9998,1001021296,辛亥店,2024-05-02 11:30:00,5/2/2024 1:55:02 PM,5/2/2024 3:10:00 PM
12,2024-05-02,瑞芳DC,SK13,KPD9998,1001018665,和東店,2024-05-02 11:30:00,5/2/2024 2:00:18 PM,5/2/2024 3:15:00 PM
12,2024-05-02,瑞芳DC,SK14,KPD9998,1001021968,和茂店,2024-05-02 11:30:00,5/2/2024 2:07:58 PM,5/2/2024 3:20:00 PM
12,2024-05-02,瑞芳DC,SK15,KPD9998,1001021961,台興店,2024-05-02 11:30:00,5/2/2024 2:20:38 PM,5/2/2024 3:30:00 PM
12,2024-05-02,瑞芳DC,SK16,KPD9998,1001018658,台科店,2024-05-02 11:30:00,5/2/2024 2:32:10 PM,5/2/2024 3:35:00 PM
12,2024-05-02,瑞芳DC,SC21,KPD9998,1001020399,義安店,2024-05-02 11:30:00,5/2/2024 3:03:57 PM,5/2/2024 4:05:00 PM
12,2024-05-02,瑞芳DC,SC22,KPD9998,1001017768,安賢店,2024-05-02 11:30:00,5/2/2024 3:14:59 PM,5/2/2024 4:10:00 PM
12,2024-05-02,瑞芳DC,SC23,KPD9998,1001017877,新遠企店,2024-05-02 11:30:00,5/2/2024 3:20:59 PM,5/2/2024 4:15:00 PM
12,2024-05-02,瑞芳DC,SC24,KPD9998,1001023043,樂和店,2024-05-02 11:30:00,5/2/2024 3:25:02 PM,5/2/2024 4:20:00 PM
12,2024-05-02,瑞芳DC,SC25,KPD9998,1001019051,敦鼎店,2024-05-02 11:30:00,5/2/2024 3:28:37 PM,5/2/2024 4:25:00 PM
12,2024-05-02,瑞芳DC,SC26,KPD9998,1001018055,東方店,2024-05-02 11:30:00,5/2/2024 3:35:03 PM,5/2/2024 4:30:00 PM
12,2024-05-02,瑞芳DC,SC27,KPD9998,1001020211,通昌店,2024-05-02 11:30:00,5/2/2024 3:41:41 PM,5/2/2024 4:35:00 PM
12,2024-05-02,瑞芳DC,101DC,KPD9998,3001888888,瑞芳ＤＣ,2024-05-02 11:30:00,5/2/2024 4:29:50 PM,5/2/2024 5:18:00 PM
03,2024-05-04,瑞芳DC,103DC,KPD9998,S3001888888,瑞芳ＤＣ,2024-05-04 12:08:00,5/4/2024 12:51:02 PM,
03,2024-05-04,瑞芳DC,GM01,KPD9998,1001023044,忠孝光復店,2024-05-04 12:08:00,5/4/2024 1:30:37 PM,5/4/2024 1:10:00 PM
03,2024-05-04,瑞芳DC,GM02,KPD9998,1001022463,國父紀念館店,2024-05-04 12:08:00,5/4/2024 1:45:41 PM,5/4/2024 1:20:00 PM
03,2024-05-04,瑞芳DC,GM03,KPD9998,1001020557,景聯店,2024-05-04 12:08:00,5/4/2024 2:02:56 PM,5/4/2024 1:30:00 PM
03,2024-05-04,瑞芳DC,GI10,KPD9998,1001015729,順輝店,2024-05-04 12:08:00,5/4/2024 2:30:54 PM,5/4/2024 2:40:00 PM
03,2024-05-04,瑞芳DC,GI11,KPD9998,1001021400,試院店,2024-05-04 12:08:00,5/4/2024 2:47:19 PM,5/4/2024 2:50:00 PM
03,2024-05-04,瑞芳DC,GI12,KPD9998,1001017245,大順店,2024-05-04 12:08:00,5/4/2024 3:00:19 PM,5/4/2024 3:00:00 PM
03,2024-05-04,瑞芳DC,GI13,KPD9998,1001021029,鑫順店,2024-05-04 12:08:00,5/4/2024 3:13:03 PM,5/4/2024 3:10:00 PM
03,2024-05-04,瑞芳DC,GH12,KPD9998,1001020149,新店忠誠店,2024-05-04 12:08:00,5/4/2024 3:36:53 PM,5/4/2024 3:10:00 PM
03,2024-05-04,瑞芳DC,GH13,KPD9998,1001023328,新店七張站店,2024-05-04 12:08:00,5/4/2024 3:36:53 PM,5/4/2024 3:20:00 PM
03,2024-05-04,瑞芳DC,GH14,KPD9998,1001020253,新店華盛店,2024-05-04 12:08:00,5/4/2024 4:01:08 PM,5/4/2024 3:30:00 PM
03,2024-05-04,瑞芳DC,103DC,KPD9998,3001888888,瑞芳ＤＣ,2024-05-04 12:08:00,5/4/2024 4:47:27 PM,5/4/2024 4:32:00 PM
12,2024-05-06,瑞芳DC,101DC,KPD9998,S3001888888,瑞芳ＤＣ,2024-05-06 11:30:00,5/6/2024 12:14:10 PM,
12,2024-05-06,瑞芳DC,SK10,KPD9998,1001019500,泰順店,2024-05-06 11:30:00,5/6/2024 1:29:21 PM,5/6/2024 3:00:00 PM
12,2024-05-06,瑞芳DC,SK11,KPD9998,1001018080,和新店,2024-05-06 11:30:00,5/6/2024 1:33:24 PM,5/6/2024 3:05:00 PM
12,2024-05-06,瑞芳DC,SK12,KPD9998,1001021296,辛亥店,2024-05-06 11:30:00,5/6/2024 1:39:44 PM,5/6/2024 3:10:00 PM
12,2024-05-06,瑞芳DC,SK13,KPD9998,1001018665,和東店,2024-05-06 11:30:00,5/6/2024 1:46:29 PM,5/6/2024 3:15:00 PM
12,2024-05-06,瑞芳DC,SK14,KPD9998,1001021968,和茂店,2024-05-06 11:30:00,5/6/2024 1:53:16 PM,5/6/2024 3:20:00 PM
12,2024-05-06,瑞芳DC,SK15,KPD9998,1001021961,台興店,2024-05-06 11:30:00,5/6/2024 2:00:41 PM,5/6/2024 3:30:00 PM
12,2024-05-06,瑞芳DC,SK16,KPD9998,1001018658,台科店,2024-05-06 11:30:00,5/6/2024 2:11:08 PM,5/6/2024 3:35:00 PM
12,2024-05-06,瑞芳DC,SC20,KPD9998,1001015818,興和店,2024-05-06 11:30:00,5/6/2024 2:29:46 PM,5/6/2024 4:00:00 PM
12,2024-05-06,瑞芳DC,SC21,KPD9998,1001020399,義安店,2024-05-06 11:30:00,5/6/2024 2:39:42 PM,5/6/2024 4:05:00 PM
12,2024-05-06,瑞芳DC,SC22,KPD9998,1001017768,安賢店,2024-05-06 11:30:00,5/6/2024 2:46:59 PM,5/6/2024 4:10:00 PM
12,2024-05-06,瑞芳DC,SC23,KPD9998,1001017877,新遠企店,2024-05-06 11:30:00,5/6/2024 2:55:40 PM,5/6/2024 4:15:00 PM
12,2024-05-06,瑞芳DC,SC24,KPD9998,1001023043,樂和店,2024-05-06 11:30:00,5/6/2024 3:00:08 PM,5/6/2024 4:20:00 PM
12,2024-05-06,瑞芳DC,SC25,KPD9998,1001019051,敦鼎店,2024-05-06 11:30:00,5/6/2024 3:07:57 PM,5/6/2024 4:25:00 PM
12,2024-05-06,瑞芳DC,SC26,KPD9998,1001018055,東方店,2024-05-06 11:30:00,5/6/2024 3:14:21 PM,5/6/2024 4:30:00 PM
12,2024-05-06,瑞芳DC,SC27,KPD9998,1001020211,通昌店,2024-05-06 11:30:00,5/6/2024 3:21:48 PM,5/6/2024 4:35:00 PM
12,2024-05-06,瑞芳DC,101DC,KPD9998,3001888888,瑞芳ＤＣ,2024-05-06 11:30:00,5/6/2024 3:57:52 PM,5/6/2024 5:27:00 PM
03,2024-05-09,瑞芳DC,102DC,KPD9998,S3001888888,瑞芳ＤＣ,2024-05-09 08:27:00,5/9/2024 7:51:21 AM,
03,2024-05-09,瑞芳DC,DW07,KPD9998,1001017661,景中店,2024-05-09 08:27:00,5/9/2024 8:40:23 AM,5/9/2024 9:35:00 AM
03,2024-05-09,瑞芳DC,DS04,KPD9998,1001021717,景興店,2024-05-09 08:27:00,5/9/2024 8:52:02 AM,5/9/2024 9:30:00 AM
03,2024-05-09,瑞芳DC,DS05,KPD9998,1001020275,新文華店,2024-05-09 08:27:00,5/9/2024 9:03:10 AM,5/9/2024 9:40:00 AM
03,2024-05-09,瑞芳DC,DG10,KPD9998,1001022308,京鑽店,2024-05-09 08:27:00,5/9/2024 9:36:33 AM,5/9/2024 10:30:00 AM
03,2024-05-09,瑞芳DC,DG11,KPD9998,1001022776,京萬店,2024-05-09 08:27:00,5/9/2024 9:54:36 AM,5/9/2024 10:40:00 AM
03,2024-05-09,瑞芳DC,DG12,KPD9998,1001020821,敦中店,2024-05-09 08:27:00,5/9/2024 10:10:14 AM,5/9/2024 10:50:00 AM
03,2024-05-09,瑞芳DC,DR11,KPD9998,1001023191,新東光店,2024-05-09 08:27:00,5/9/2024 10:28:44 AM,5/9/2024 10:20:00 AM
03,2024-05-09,瑞芳DC,DR14,KPD9998,1001021425,京吉店,2024-05-09 08:27:00,5/9/2024 10:44:31 AM,5/9/2024 10:40:00 AM
03,2024-05-09,瑞芳DC,102DC,KPD9998,3001888888,瑞芳ＤＣ,2024-05-09 08:27:00,5/9/2024 11:32:04 AM,5/9/2024 11:44:00 AM
03,2024-05-16,瑞芳DC,105DC,KPD9998,S3001888888,瑞芳ＤＣ,2024-05-16 11:25:00,,
03,2024-05-16,瑞芳DC,GG10,KPD9998,1001018517,紫新店,2024-05-16 11:25:00,5/16/2024 12:55:16 PM,5/16/2024 3:00:00 PM
03,2024-05-16,瑞芳DC,GG11,KPD9998,1001022750,內科店,2024-05-16 11:25:00,5/16/2024 1:11:14 PM,5/16/2024 3:10:00 PM
03,2024-05-16,瑞芳DC,GG12,KPD9998,1001018709,瑞智店,2024-05-16 11:25:00,5/16/2024 1:32:32 PM,5/16/2024 3:20:00 PM
03,2024-05-16,瑞芳DC,GG13,KPD9998,1001019030,瑞亞店,2024-05-16 11:25:00,5/16/2024 1:50:35 PM,5/16/2024 3:30:00 PM
03,2024-05-16,瑞芳DC,GG14,KPD9998,1001017978,瑞豐店,2024-05-16 11:25:00,5/16/2024 2:00:45 PM,5/16/2024 3:40:00 PM
03,2024-05-16,瑞芳DC,GG15,KPD9998,1001018160,堤頂店,2024-05-16 11:25:00,5/16/2024 2:15:25 PM,5/16/2024 3:50:00 PM
03,2024-05-16,瑞芳DC,GG16,KPD9998,1001018636,陽鑫店,2024-05-16 11:25:00,5/16/2024 2:31:44 PM,5/16/2024 4:00:00 PM
03,2024-05-16,瑞芳DC,GG17,KPD9998,1001020464,陽盛店,2024-05-16 11:25:00,5/16/2024 2:42:09 PM,5/16/2024 4:00:00 PM
03,2024-05-16,瑞芳DC,105DC,KPD9998,3001888888,瑞芳ＤＣ,2024-05-16 11:25:00,5/16/2024 3:35:53 PM,5/16/2024 5:31:00 PM
