商店名稱,電話,address,商店編號,Latitude,Longitude
全家京江店,225678224,台北市中山區一江街２２號１樓,18902,25.0526739,121.5313512
全家錦原店,225412311,台北市中山區中原街１０１號１樓,14452,25.0609288,121.5290416
全家新吉原店,225113653,台北市中山區中原街１６號１樓,54113,25.0565351,121.5287854
全家市民店,225638109,台北市中山區中山北路一段５８號,18703,25.0485402,121.5206037
全家柯達飯店,225417813,台北市中山區中山北路二段１１巷１號、３號,61939,25.0529091,121.5232915
全家聚葉店,225716328,台北市中山區中山北路二段１３７巷３４號１樓,16420,25.0616084,121.5251465
全家台鑫店,225118851,台北市中山區中山北路二段４４號１樓部份,57449,25.0528165,121.522376
全家東南店,225317972,台北市中山區中山北路二段６０號,60550,25.0566022,121.5225344
全家新國賓店,225818863,台北市中山區中山北路二段７５－１號１樓,56357,25.0574712,121.5231419
全家圓山飯店,228850843,台北市中山區中山北路四段１巷１號１樓（麒麟廳））,57899,25.0785749,121.5261429
全家中賓店,225230023,台北市中山區中山里中山北路二段５９之３號１樓,15989,25.0559278,121.523029
全家五常店,225067078,台北市中山區五常街５３巷２３號１號,14446,25.0654831,121.5397263
全家長通店,225029136,台北市中山區伊通街１０８號１樓,14513,25.0540623,121.5346835
全家金通店,225181554,台北市中山區伊通街５８號,52371,25.0515261,121.5346385
全家新北鄰店,225325010,台北市中山區北安路４５８巷４１弄４８號１樓,55780,25.078808,121.546355
全家永安店,225322254,台北市中山區北安路６３０巷７號１樓,14451,25.08286,121.549484
全家美華店,285095070,台北市中山區北安路８１９之１號,12905,25.0849942,121.5562243
全家京貿店,225066873,台北市中山區南京東路三段６５號,14196,25.052253,121.538393
全家鑫興亞店,225117690,台北市中山區南京東路二段２０號１樓,63227,25.051887,121.5288485
全家京林店,225674711,台北市中山區南京東路二段７２號１樓、７２－２號,59375,25.0518589,121.5307203
全家中山捷運站店,225507063,台北市中山區南京西路１６號Ｂ１,61268,25.0528429,121.5202994
全家合江店,225185276,台北市中山區合江街８７號一樓,53480,25.059226,121.5393027
全家德惠店,225953593,台北市中山區吉林路４４８號,10198,25.066711,121.5302321
全家松平店,225318666,台北市中山區四平街４７號,11502,25.0538263,121.5323019
全家大直店,225328875,台北市中山區大直街３３巷１號,11115,25.0821721,121.5465688
全家建國北路店,225170327,台北市中山區建國北路一段１４６號１樓,60174,25.051243,121.536358
全家欣濱江店,225159357,台北市中山區建國北路三段１０９號１樓,62783,25.0663408,121.5361284
全家建錦店,225065447,台北市中山區建國北路二段１３１號１樓及部分地下室,57357,25.0601891,121.5373197
全家南京復興店,227151377,台北市中山區復興北路１５４號１Ｆ,61075,25.0531389,121.5436868
全家金復店,228924021,台北市中山區復興北路３５６號１樓,62443,25.0603094,121.5438423
全家復崙店,227526542,台北市中山區復興北路３８號１樓,62987,25.0492581,121.5437278
全家新復店,225097685,台北市中山區復興北路５１４巷３５號,52308,25.0660747,121.5426953
全家興德店,287725312,台北市中山區復興南路一段３８號,10578,25.04548,121.5436279
全家新德城店,225995447,台北市中山區德惠街１６－７號,53032,25.0665771,121.5247074
全家德林店,225961560,台北市中山區德惠街１７３號,18831,25.0666411,121.5318943
全家新農店,225968538,台北市中山區恆安里農安街２６之３號一樓,15837,25.0647173,121.5262391
全家撫順店,225927495,台北市中山區撫順街１２之２號１樓,15193,25.0634954,121.5209544
全家鑫通店,225817485,台北市中山區新生北路一段１１６號,53679,25.0505894,121.527773
全家美林店,225678382,台北市中山區新生北路二段６２巷３８－３號,51313,25.0561155,121.525843
全家明水店,285097543,台北市中山區明水路５８１巷１１號１樓,14511,25.0801305,121.5513391
全家光輝店,225955703,台北市中山區晴光里德惠街３４之２號一樓,15523,25.0665912,121.5264762
全家朱崙店,227528615,台北市中山區朱崙街６７號,16667,25.050064,121.5423503
全家松京店,225715929,台北市中山區松江路１２２號１樓,60237,25.0524582,121.5328065
全家松茂店,225028713,台北市中山區松江路１２７之１號１樓及地下室,58109,25.0533361,121.5332865
全家光華店,225670175,台北市中山區松江路２４之１號,11139,25.0470335,121.5327543
全家權勝店,225935820,台北市中山區松江路４００號１樓及地下室,57355,25.06381,121.5329184
全家松國店,225024147,台北市中山區松江路４７３號１樓,60056,25.066791,121.5335301
全家長松店,225641508,台北市中山區松江路５０號１樓部份,63576,25.0481704,121.5327639
全家松好店,225083831,台北市中山區松江路６１之１號１樓,58619,25.0485675,121.5332515
全家長林店,225629310,台北市中山區林森北路１０７巷５４號,10693,25.049825,121.5267982
全家金林店,225629847,台北市中山區林森北路１０９號１樓,16605,25.0504072,121.5251449
全家新林森北路店,225114623,台北市中山區林森北路１１９巷５０號１樓,63321,25.0502902,121.5267654
全家復林店,225230478,台北市中山區林森北路１４９－１．１４９－２號１樓,16851,25.05148,121.525374
全家欣城店,225411007,台北市中山區林森北路２４７號１樓,63289,25.0539759,121.5257614
全家金漾店,225219884,台北市中山區林森北路３０８號,50989,25.056147,121.525367
全家林慶店,225672790,台北市中山區林森北路３７６號１樓,57327,25.0579568,121.5254315
全家新錦林店,226271008,台北市中山區林森北路３９９巷２４號１樓,62379,25.0593692,121.5261788
全家錦富店,225684923,台北市中山區林森北路４２８號１樓,52445,25.0599931,121.5253817
全家新林森店,225977209,台北市中山區林森北路６３０號１樓,52544,25.0675597,121.5256092
全家美麗店,285011290,台北市中山區樂群二路１４２號１樓,50173,25.0797215,121.5568535
全家樂群店,285095167,台北市中山區樂群二路１８６號,11707,25.079513,121.558381
全家時代廣場店,285015684,台北市中山區樂群二路２６５巷２０號,60128,25.0809271,121.5603995
全家日津店,225635367,台北市中山區正義里天津街４７號１樓及地下室,10289,25.0501523,121.5231131
全家民族店,225185693,台北市中山區民族東路４１０巷２３弄２４號,14417,25.0667374,121.5395513
全家江寧店,225171595,台北市中山區民權東路三段６４號１樓,12520,25.0621252,121.5425461
全家錦民店,225078797,台北市中山區民權東路二段１５２巷１４號,52465,25.0611749,121.5349805
全家新吉林店,225639757,台北市中山區民權東路二段４６號１樓,58815,25.0622469,121.5301017
全家民權西路店,225994884,台北市中山區民權西路３５號１樓,56511,25.063111,121.52115
全家中山民權店,225113070,台北市中山區民權西路３８之１號１樓,60773,25.0626038,121.5212091
全家玉林店,225222731,台北市中山區民生東路一段２７巷１５號,14670,25.0586922,121.5251401
全家福泰店,225413026,台北市中山區民生東路一段３６號１樓,14442,25.057881,121.524309
全家民佳店,225038763,台北市中山區民生東路二段１５５號１樓,57201,25.058127,121.535793
全家新馬偕店,225117837,台北市中山區民生西路３３號１－４樓,61421,25.0578451,121.5210732
全家雙全店,225217082,台北市中山區民生西路６２號１樓全部,60299,25.0575608,121.5209315
全家興安店,225052013,台北市中山區興安街５７號,10242,25.0562159,121.5423073
全家松農店,225028032,台北市中山區農安街１６０號,53427,25.0645895,121.5339907
全家農安店,225042520,台北市中山區農安街２４９號,10023,25.0647884,121.5348795
全家新晴店,225955820,台北市中山區農安街４－１號,50439,25.0648128,121.5230389
全家新衡山店,225332342,台北市中山區通北街１１１號,55346,25.084304,121.5380032
全家錦江店,225638875,台北市中山區錦州街２１５號,10398,25.0604313,121.532221
全家新北大店,225172305,台北市中山區錦州街４２７號,54566,25.0603117,121.5424901
全家錦西店,225673231,台北市中山區錦西街８號,11266,25.0601543,121.5217006
全家正義店,225239542,台北市中山區長安東路一段５５號,14419,25.0487812,121.5265545
全家遼寧店,227405515,台北市中山區長安東路二段２１６號,19772,25.0481678,121.5424494
全家本部店,225173149,台北市中山區長安東路二段９９號１樓及２樓,57071,25.0485735,121.5349587
全家欣欣店,225314871,台北市中山區長春路１００號１樓,14512,25.0547276,121.5278778
全家長賓店,225221603,台北市中山區長春路１５號１樓,61058,25.0550794,121.5237746
全家春北店,287707194,台北市中山區長春路４１０號１樓,58403,25.054407,121.5437483
全家長春店,225817796,台北市中山區長春路４８號,10600,25.0547693,121.5258268
全家雙城店,225996056,台北市中山區雙城街１２之１號,10261,25.064542,121.524209
全家金磚店,225994347,台北市中山區雙城街１９巷２號,18705,25.0653415,121.5244534
全家雙林店,225992453,台北市中山區雙城街２之２號,18636,25.0632076,121.5242704
全家龍京店,225082793,台北市中山區龍江路１０２號１樓,58620,25.0526222,121.5403709
全家中興店,225012043,台北市中山區龍江路２０１號１Ｆ,10796,25.0562769,121.5407246
全家榮星店,225169569,台北市中山區龍江路３５２號,19680,25.0658607,121.5408433
全家鑫豐店,225157030,台北市中山區龍江路３５６巷７２號,53839,25.065893,121.538028
全家新南京店,287725827,台北市中山區龍江路９５號１樓,54112,25.0513748,121.5405696
全家台大醫院店,233223538,台北市中正區中山南路７號Ｂ１樓,58527,25.04053,121.5189715
全家新惠安店,223036887,台北市中正區中華路二段３０７巷４６號,52555,25.0294127,121.5064301
全家南機場店,223039420,台北市中正區中華路二段３１１巷１號１樓,18805,25.0283966,121.5057421
全家新東門店,223564259,台北市中正區信義路一段１號,54785,25.0385054,121.519456
全家南陽店,223881469,台北市中正區信陽街１５號,10112,25.044802,121.5162199
全家新德店,223214351,台北市中正區八德路一段４３巷２號,53115,25.0444514,121.5316297
全家正陽店,223613524,台北市中正區南陽街１號,60487,25.0458746,121.5162868
全家博愛店,223432173,台北市中正區博愛路６３號１Ｆ＋Ｂ１Ｆ,58369,25.0443137,121.5116063
全家和鄰店,223628326,台北市中正區和平西路一段８２號１樓,12744,25.0263484,121.5187824
全家嶺先店,223672038,台北市中正區廈門街１１３巷１７號１樓及地下室部分,60549,25.0234788,121.5192331
全家寶慶店,223898700,台北市中正區延平南路１１１號,11554,25.041816,121.509581
全家和醫店,223122560,台北市中正區延平南路１５９號１樓,19227,25.035249,121.5077585
全家郡王店,223719902,台北市中正區延平南路６８號,14239,25.0450463,121.5103524
全家台六宿舍店,233226216,台北市中正區徐州路２之２號１Ｆ,60054,25.0411999,121.5207535
全家善導寺店,223964652,台北市中正區忠孝東路一段９號１樓,60189,25.0449952,121.523565
全家兆豐店,223418109,台北市中正區忠孝東路二段９３號１樓,58710,25.0431607,121.5309479
全家鴻啟店,223142878,台北市中正區忠孝西路一段１００號,18916,25.047133,121.5126107
全家凱撒店,223898803,台北市中正區忠孝西路一段３８號１樓（部份）,58141,25.0461917,121.5164263
全家北車店,289411871,台北市中正區忠孝西路一段４５號１Ｆ部分,59102,25.0463586,121.5178865
全家亞慶店,223706675,台北市中正區忠孝西路一段５０號１樓,56918,25.0461226,121.5157638
全家教育大學店,223888317,台北市中正區愛國西路１號,56575,25.0356043,121.5142953
全家西站店,223120577,台北市中正區懷寧街７之１號,10886,25.0462152,121.5142789
全家文祥店,223914884,台北市中正區杭州南路一段１４７號,11059,25.0359278,121.5246559
全家富邦店,223513120,台北市中正區杭州南路一段１９號１Ｆ,60254,25.0426274,121.5266225
全家林森南路店,223519110,台北市中正區林森南路５７．５９號,10062,25.0398908,121.5221471
全家新龍口店,223047184,台北市中正區汀州路一段２４４號,52543,25.0272042,121.5103399
全家文盛店,223681345,台北市中正區汀州路三段１７３號,11178,25.0150324,121.5325205
全家公館店,223688539,台北市中正區汀州路三段２５１號,10053,25.0136888,121.5343786
全家水源店,223642257,台北市中正區汀州路三段２６１號,11471,25.0128419,121.5352303
全家金門店,223642756,台北市中正區汀州路二段２１６號１樓,19851,25.0223269,121.5238063
全家新廈門店,223681443,台北市中正區汀州路二段３８號１樓,54051,25.0252771,121.5176064
全家漢盛店,223117024,台北市中正區漢口街一段１８號,55850,25.0450598,121.5144049
全家齊東店,223942076,台北市中正區濟南路二段３－７號１樓,11410,25.0416088,121.5265853
全家福昌店,223913137,台北市中正區福州街１０號１樓（部份）,57358,25.0294673,121.5200055
全家羅館店,223675612,台北市中正區羅斯福路三段２４４巷７號１樓,61353,25.016874,121.5307609
全家館中店,223672204,台北市中正區羅斯福路三段３１６巷８弄１號１樓,14450,25.0157915,121.5326324
全家金安店,223654620,台北市中正區羅斯福路三段８號１＋２樓,58768,25.0234,121.5248121
全家羅安店,223654518,台北市中正區羅斯福路二段１４０號１樓,58528,25.025806,121.522937
全家羅斯店,223962007,台北市中正區羅斯福路２段６２號１樓,58140,25.0275299,121.5217742
全家衡慶店,223820271,台北市中正區衡陽路７號１樓部分（如附圖）,57203,25.042422,121.513769
全家新衡陽店,223711130,台北市中正區衡陽路７７號一樓,56722,25.0423439,121.511041
全家富陽店,223754181,台北市中正區襄陽路７號１樓,12933,25.0436342,121.5158121
全家昌盛店,223123067,台北市中正區許昌街１４號１Ｆ,61213,25.0454177,121.5167853
全家辛館店,223688257,台北市中正區辛亥路一段１３號,61688,25.0190298,121.5279164
全家機場捷運店,223311029,台北市中正區鄭州路８號Ｂ１樓,61597,25.0487218,121.5142266
全家重慶店,223122797,台北市中正區重慶南路一段５８號,14199,25.043901,121.513106
全家開封店,223709020,台北市中正區開封街一段４１號１樓,16474,25.046128,121.51255
全家北盛店,223612673,台北市中正區青島西路１３號,62091,25.0450638,121.5176335
全家新仟囍店,223822831,台北市中正區館前路３６號１樓,54430,25.0446152,121.5147991
全家台鐵一店,223614184,臺北市中正區北平西路３號Ｂ１,58687,25.047702,121.5173735
全家南海店,223564283,臺北市中正區南海路２０號,51143,25.0324868,121.5171185
全家信吉店,227866062,台北市信義區中坡北路２５號,61431,25.045005,121.580735
全家新中坡店,227270460,台北市信義區中坡南路２２９號,51736,25.0406227,121.5851154
全家協和店,227590819,台北市信義區中坡南路３８號１Ｆ,10245,25.0428191,121.5833667
全家祥和店,227291793,台北市信義區信義路五段１５０巷４０１弄３１號,10089,25.02409,121.57042
全家松友店,223460402,台北市信義區信義路六段７８號,16906,25.035255,121.577016
全家松仁店,227237309,台北市信義區信義路５段１５０巷２２１號,14496,25.028411,121.568751
全家松創店,227495690,台北市信義區光復南路１３３號（一號變電站庫房）,59776,25.0435451,121.5593832
全家光復南路店,227294291,台北市信義區光復南路４４７之２號,10009,25.0352215,121.5580605
全家復昌店,223459489,台北市信義區光復南路５０５號、５０７號及文昌街３２,16310,25.0320589,121.5576401
全家富興店,227326104,台北市信義區吳興街１５６巷１６弄１號１樓,60129,25.0287855,121.561009
全家北醫店,227229824,台北市信義區吳興街２６３號,10686,25.0270919,121.5638048
全家盛興店,227201400,台北市信義區吳興街３３４號,55289,25.0261195,121.566122
全家挹翠店,225475096,台北市信義區吳興街６００巷５６號,61292,25.0202755,121.5698427
全家三興店,227232796,台北市信義區吳興街７號,11588,25.0317675,121.5595
全家六張黎店,227338739,台北市信義區和平東路三段３８７號,10014,25.0198489,121.5575787
全家財盛店,227130655,台北市信義區基隆路二段１１３之２號,61166,25.0286755,121.5571383
全家永隆店,227678120,台北市信義區基隆路１段１４７巷７號,14406,25.0419415,121.5653136
全家大道店,227276692,台北市信義區大道路７９號１樓,12233,25.0407616,121.5826419
全家崇德店,227333493,台北市信義區崇德街２９號,18701,25.0244329,121.5538742
全家台北１０１店,281017976,台北市信義區市府路４５號Ｂ１（商場編號５３）,59399,25.0338492,121.5643085
全家忠信店,227422963,台北市信義區忠孝東路五段４２５號１樓及地下室,15318,25.041112,121.575451
全家松安店,287683628,台北市信義區忠孝東路五段４６５號１樓,60836,25.0410336,121.5771219
全家忠美店,227274597,台北市信義區忠孝東路五段４９８號１樓及地下１樓,59610,25.0408819,121.578473
全家新忠隆店,227493532,台北市信義區忠孝東路五段７１巷８號壹樓,52808,25.0417726,121.5672043
全家聯合店,227685432,台北市信義區忠孝東路四段５５３巷６弄１７號１樓,12899,25.0423601,121.5634999
全家南山廣場店,227585233,台北市信義區松仁路１００號６樓之１,58449,25.0344055,121.5671656
全家新安興店,227204938,台北市信義區松仁路２４０巷２號,56145,25.0248579,121.5692001
全家永孝店,227678185,台北市信義區松信路１４５號,10890,25.043543,121.572162
全家建鑫店,227233205,台北市信義區松壽路２４號,14277,25.0353759,121.5676908
全家松山車站店,227471585,台北市信義區松山路１１號,60236,25.0493066,121.5791866
全家松傑店,227656379,台北市信義區松山路１１號地下１樓,62641,25.0492345,121.5786341
全家松盛店,227606140,台北市信義區松山路１５３號,11992,25.0465425,121.5779352
全家松永店,223465356,台北市信義區松德路１５７號,56465,25.0365336,121.5749443
全家信安店,287895039,台北市信義區松德路２００巷１３號１樓,53880,25.0345309,121.5736941
全家新信德店,223465799,台北市信義區松德路２８３號,53167,25.032428,121.5746406
全家永吉二店,227491648,台北市信義區永吉路２２３號,10403,25.0457259,121.5741592
全家厚雅店,227659814,台北市信義區永吉路３０巷１１８號１樓,57356,25.043123,121.5686637
全家景聯店,287861164,台北市信義區莊敬路１９０號１樓及地下室,60557,25.0307553,121.5611362
全家莊新店,227581883,台北市信義區莊敬路３０７號,54036,25.028451,121.563382
全家莊敬店,227201156,台北市信義區莊敬路３７４號,11004,25.0275297,121.5648783
全家欣富台店,227491525,台北市信義區虎林街１２０巷１６５號,52156,25.0422431,121.5742114
全家海華店,287890667,台北市信義區虎林街１３２巷８１號１樓,11460,25.0402508,121.5741078
全家忠林店,287891305,台北市信義區虎林街１６６號１樓及地下室,15453,25.0390527,121.5764427
全家新松林店,227493109,台北市信義區虎林街６１－４號,52985,25.046285,121.577116
全家永林店,227470209,台北市信義區虎林街８２巷２３號,11092,25.0434378,121.5762287
全家逸鑫店,227206664,台北市信義區逸仙路４２巷２３號,58712,25.0403546,121.563093
全家新貿店,287802293,臺北市信義區信義路四段４０７號壹樓,51448,25.0333083,121.5588881
全家湖安店,226591427,台北市內湖區內湖路一段２８５巷１９號１樓,10876,25.0829709,121.5669829
全家碧湖店,226277149,台北市內湖區內湖路一段５９３號一樓及地下室,15331,25.0809546,121.5733563
全家麗水店,226272956,台北市內湖區內湖路一段７３３號１樓,56568,25.0791388,121.5781871
全家麗山店,226279495,台北市內湖區內湖路一段７３７巷４９號,10188,25.080342,121.579035
全家陽湖店,226277102,台北市內湖區內湖路一段９１巷４號１樓,57818,25.084811,121.56156
全家台塑店,227940810,台北市內湖區南京東路六段３７０號,62836,25.0594936,121.5878794
全家精英店,226579148,台北市內湖區堤頂大道二段２４１號壹樓,16748,25.0786692,121.5672366
全家新瑞店,226592842,台北市內湖區堤頂大道２段４０７巷２６號一樓,15377,25.081055,121.563427
全家東安店,226345521,台北市內湖區安康路４８０號,11264,25.0678598,121.6158416
全家紫新店,227940091,台北市內湖區康寧路ㄧ段３７號ㄧ樓,56456,25.0852396,121.5589651
全家康雲店,227940805,台北市內湖區康寧路一段１１６號及地下室,55810,25.0794499,121.593333
全家東茂店,226317208,台北市內湖區康寧路三段１８９巷１２號１樓,60130,25.0702985,121.6126635
全家湖東店,226316023,台北市內湖區康樂街１１０巷１５號,62617,25.0707876,121.618459
全家康福店,226339860,台北市內湖區康樂街８７號,14453,25.0696639,121.6188527
全家湖興店,287926469,台北市內湖區成功路二段３２０巷２８號１樓,61254,25.0675351,121.589295
全家鑫三總店,287917684,台北市內湖區成功路二段３２５號Ｂ１Ｆ,63658,25.0716694,121.5928527
全家湖捷店,227946716,台北市內湖區成功路四段１７８號１樓,58313,25.0835882,121.5938554
全家德湖店,287923344,台北市內湖區成功路四段６２號１樓及Ｂ１,57622,25.0827071,121.5925068
全家紫陽店,287519703,台北市內湖區文德路２１２號,14132,25.0782428,121.5839876
全家瑞陽店,226597471,台北市內湖區文德路９０巷４９號,12171,25.0772411,121.5834657
全家湖茂店,227978682,台北市內湖區文湖街２１巷７號１樓,61291,25.0870375,121.5601355
全家文湖店,227973433,台北市內湖區文湖街５９號,14540,25.0868174,121.5626777
全家興盛店,227903667,台北市內湖區新明路１８２號,11482,25.0574596,121.5853369
全家行美店,227945755,台北市內湖區新明路３７６號,62741,25.0549193,121.580523
全家新湖店,227937065,台北市內湖區新湖二路２５０巷８號１樓,12915,25.0648484,121.582506
全家星湖店,227906271,台北市內湖區星雲街１６１巷１號,52945,25.0809091,121.5962599
全家民善店,287922468,台北市內湖區民善街１號１樓,57999,25.0575383,121.5771275
全家內華店,227911354,台北市內湖區民權東路六段１６２號,14448,25.0685084,121.5917815
全家湖洲店,226308735,台北市內湖區民權東路六段２９６巷７０號１樓,61293,25.0702071,121.6089497
全家三民店,227942827,台北市內湖區民權東路六段９０巷１號,10035,25.0687168,121.5861291
全家內科店,287511523,台北市內湖區洲子街６１號１樓（部份）,57501,25.0797811,121.5729685
全家瑞湖店,287524016,台北市內湖區港墘里瑞光路５１３巷３９號１樓,16082,25.0800293,121.5704091
全家港華店,287975015,台北市內湖區港華街４０號１樓,59373,25.0829932,121.5749072
全家瑞豐店,287514934,台北市內湖區瑞光路２２０號,57978,25.075456,121.575935
全家瑞亞店,226573023,台北市內湖區瑞光路３０２號１樓,59030,25.0764761,121.5742574
全家瑞興店,226591468,台北市內湖區瑞光路３０３號,55849,25.0758654,121.5760146
全家瑞智店,287518611,台北市內湖區瑞光路４３３號１樓,58709,25.0786547,121.570382
全家瑞光店,287514993,台北市內湖區瑞光路５１０號１樓,12253,25.0794177,121.5676585
全家瑞盛店,287926581,台北市內湖區瑞光路６６巷４０號,55393,25.0696006,121.5809133
全家陽鑫店,226593732,台北市內湖區瑞湖街８０號１樓Ｒ３、Ｒ４　,58636,25.0725545,121.5759688
全家新環山店,228839401,台北市內湖區環山路一段７號１樓,62274,25.0828659,121.5656867
全家金莊店,227941829,台北市內湖區石潭路６７號１樓,54027,25.0628977,121.587078
全家堤頂店,287989969,台北市內湖區舊宗路二段２０７號１樓（部份）,58160,25.07323,121.57402
全家行善公宅店,287926725,台北市內湖區行善路２６２號１樓,62211,25.0599974,121.5816131
全家明美店,227941977,台北市內湖區金莊路８６號１樓,58807,25.0633483,121.5873902
全家陽盛店,226579844,台北市內湖區陽光街３５３號１樓,60464,25.072834,121.5772287
全家湖山店,226572616,台北市內湖區麗山街３４８巷１０弄２號,11845,25.0821826,121.5734808
全家湖濱店,226593051,臺北市內湖區內湖路二段１０３巷１０４號,19222,25.0839428,121.5808218
全家新內湖店,227948239,臺北市內湖區成功路２段４２０號,52138,25.071227,121.589691
全家德陽店,227987160,臺北市內湖區文德路２２巷２５號,18963,25.076798,121.5799315
全家新東湖店,226317679,臺北市內湖區東湖路４３巷４號,50301,25.0691678,121.614207
全家新德明店,227996853,臺北市內湖區環山路一段１１０號,53284,25.0865525,121.5679806
全家行善店,227967192,臺北市內湖區行善路２８９號,52866,25.0616751,121.5841681
全家金瑞店,227934276,臺北市內湖區金龍路２２４號,51866,25.0882906,121.5866988
全家三合店,228946764,台北市北投區三合街一段１１６號１樓,59263,25.1270086,121.5041984
全家鑫復中店,225239913,台北市北投區中和街３２２號,62389,25.141102,121.499786
全家新和店,228912821,台北市北投區中和街４８９號,52067,25.1451129,121.4951934
全家新復興崗店,228910617,台北市北投區中央北路三段４號１樓,55782,25.1384645,121.4866126
全家文化店,228976316,台北市北投區中央北路二段９７號１樓,10833,25.136842,121.495158
全家義忠店,228945003,台北市北投區中央北路四段２９８號,62888,25.1313457,121.4729713
全家中央南路店,228911712,台北市北投區中央南路２段１５號１樓,57247,25.125821,121.5005383
全家清江店,228970433,台北市北投區中央里清江路１號，中央南路一段６３號,12774,25.1317464,121.5014454
全家甲桂林店,228725427,台北市北投區中山北路七段２１９巷３弄１７１號壹樓,55397,25.1285452,121.5308013
全家永興店,228947414,台北市北投區中庸里永興路一段１號、３號一樓,12462,25.1388601,121.4994013
全家北投店,228941595,台北市北投區光明路２１８之１號,10343,25.136169,121.5042869
全家光明店,228966631,台北市北投區光明路２３號，２５號,11789,25.132645,121.4991751
全家新奇岩店,228947281,台北市北投區公館路２３０號,53428,25.1263293,121.5079336
全家大同店,228919974,台北市北投區大業路４５２巷３１號,14441,25.1321269,121.4972302
全家大業店,228964457,台北市北投區大興街２２號,11030,25.1298638,121.4984261
全家尊賢店,228271417,台北市北投區尊賢街２６０號１Ｆ,10650,25.1173393,121.5071973
全家振華店,228232410,台北市北投區振華街２號,14514,25.1156487,121.5200142
全家北護店,228212508,台北市北投區明德路３６５號教學研究大樓一樓,61019,25.1185042,121.5210206
全家東華店,228232256,台北市北投區東華街二段８８號,11881,25.1177103,121.5137377
全家富貴店,228237199,台北市北投區榮華三路３之１號１樓,60818,25.1136705,121.5240472
全家崇合店,228972076,台北市北投區清江里三合街二段４８７號１樓,12577,25.1261553,121.5012904
全家行勝店,228586707,台北市北投區知行路２９８號１樓,56300,25.1219657,121.4675125
全家榮光店,228217765,台北市北投區石牌路一段１６６巷９３號,50942,25.1124033,121.5151727
全家北榮店,228766755,台北市北投區石牌路二段２０１號,54647,25.1222532,121.5222656
全家東榮店,228742808,台北市北投區石牌路二段２０１號（長青樓大樓）,62693,25.1211377,121.5188839
全家華勝店,228217248,台北市北投區石牌路２段８８之１號１樓,56961,25.1169631,121.5164481
全家明德店,228239507,台北市北投區石牌里明德路９３號,11702,25.1090864,121.5188675
全家榮岩店,228978095,台北市北投區磺港路２６１號１樓,61479,25.1238138,121.5031725
全家關渡慈濟店,223820683,台北市北投區立德路８號（二樓部分）,62148,25.1238186,121.472336
全家立賢店,228202721,台北市北投區立賢里承德路七段２９０號,12130,25.1164935,121.5053197
全家新自強店,228212852,台北市北投區自強街１１６號１樓,56560,25.1107734,121.5155216
全家東陽店,228212319,台北市北投區西安街一段２８３號,14336,25.1120094,121.516698
全家華儷店,229266847,台北市北投區西安街二段２０３號１樓,62256,25.1197404,121.5100101
全家中永店,228949813,台北市北投區開明里中和街２５２號一樓,12460,25.1399773,121.5008779
全家新實店,228236547,臺北市北投區實踐街５１號１樓,19489,25.115361,121.5095852
全家新知行店,228586738,臺北市北投區知行路２３７號,50979,25.120469,121.4669978
全家唭哩店,228219568,臺北市北投區西安街二段２８３號,18917,25.1205135,121.5063884
全家工業一店,226550313,台北市南港區三重路１９－７號內之一部份,53755,25.0571469,121.6137086
全家工業三店,227833949,台北市南港區三重路６６之２號１樓,16966,25.0574419,121.6151362
全家宏展店,226539324,台北市南港區三重路６６號１樓,58852,25.0571105,121.614302
全家德民店,226536783,台北市南港區八德路四段７６８巷９號１樓,62993,25.049727,121.5803904
全家港成店,226548729,台北市南港區南港路三段２號,53077,25.054544,121.5930487
全家南港公宅店,226546142,台北市南港區南港路二段３８巷６之２號,59213,25.0547743,121.6047706
全家小彎公宅店,227836507,台北市南港區向陽路２５６號１樓,61647,25.0580659,121.593695
全家工業二店,226558763,台北市南港區園區街３號２樓之７,15117,25.0584861,121.6118825
全家富康店,227821423,台北市南港區富康街８６號１Ｆ,10559,25.0519543,121.6169066
全家南港生技店,226534024,台北市南港區忠孝東路七段５０８之７號１樓,62962,25.0522286,121.6099135
全家港忠店,226511449,台北市南港區忠孝東路七段６３５號１樓,60526,25.0533168,121.615953
全家新昆陽店,227883495,台北市南港區昆陽街１４５號,52236,25.0501261,121.5941934
全家向陽店,227887390,台北市南港區東新里重陽路１６號一樓,15287,25.0551165,121.5959136
全家新成鑫店,227853529,台北市南港區玉成街１７６巷１號,52157,25.0443493,121.5843134
全家港運店,227857667,台北市南港區玉成街５２巷２弄７號一樓,60109,25.0477015,121.5813421
全家中研店,227839381,台北市南港區研究院路二段１２巷５５號１樓,59031,25.047711,121.613935
全家研究院店,226515140,台北市南港區研究院路２段７０巷１號,14429,25.0458652,121.6150046
全家港福店,226543532,台北市南港區福德街３７３巷６３號１樓,16553,25.0394789,121.5922369
全家大聯大店,226510364,台北市南港區經貿二路１９１號一樓,60111,25.0608537,121.6161053
全家京石店,227831176,台北市南港區經貿二路２３５巷３８號１樓,63221,25.0614302,121.6151147
全家中視店,227864176,台北市南港區興南街３９號１樓,11489,25.0561766,121.6014599
全家興華店,227834076,台北市南港區興華路８６號,11826,25.0559319,121.6056456
全家新莊研店,227853487,台北市南港區舊莊街一段１６９號,54856,25.0394356,121.6212636
全家胡適店,227888455,台北市南港區舊莊街一段３巷１６號,50358,25.0423061,121.6181822
全家國興店,227832665,台北市南港區舊莊街一段３巷３弄２號,14434,25.0430694,121.6188841
全家重陽店,227893918,台北市南港區重陽路１８３、１８５號１樓,12952,25.0567525,121.5987604
全家經貿店,227833027,臺北市南港區經貿二路２００號１樓,58108,25.0596859,121.6143075
全家金天玉店,228724513,台北市士林區中山北路七段８１巷８號１樓,61338,25.1218824,121.5306336
全家天強店,228317990,台北市士林區中山北路六段２３８號壹樓,54985,25.1090163,121.5254958
全家榮富店,228768631,台北市士林區中山北路六段７２６號北側,52924,25.1150981,121.5279258
全家仰德大樓店,228383850,台北市士林區中山北路六段８８號地下室,61289,25.0841044,121.5257708
全家士林店,228348066,台北市士林區中山北路５段６９７號,18702,25.0976484,121.5271204
全家士商店,228838435,台北市士林區中正路５０３號,50120,25.0916805,121.5180117
全家福港店,228804266,台北市士林區前港街１２６號,10690,25.0851784,121.5178463
全家大港店,228832065,台北市士林區前港街３９號,14157,25.084872,121.5215497
全家基河店,228837080,台北市士林區基河路１２８號１樓,62646,25.0885792,121.5232666
全家芝玉店,228343943,台北市士林區士東路２６６巷５弄１６號,14445,25.112386,121.537499
全家新士誠店,228314357,台北市士林區士東路８６號壹樓,57575,25.1120044,121.5288289
全家華港店,228810722,台北市士林區大南路２３１號,50378,25.0883772,121.5209461
全家新天地店,228811327,台北市士林區大南路３４６號１樓,62320,25.0891006,121.5176112
全家大南店,228833976,台北市士林區大南路５２號,10923,25.0894468,121.5249323
全家大東店,228834125,台北市士林區大東路６３號１樓,59959,25.09013,121.5254773
全家天山店,228769215,台北市士林區天母東路６９巷１１之９號１樓,19229,25.119507,121.533781
全家新磺溪店,228767673,台北市士林區天母西路４０－２號１樓,54429,25.1184042,121.5258285
全家天成店,228747141,台北市士林區天福里天母東路３６號之５，之６,16606,25.1179057,121.5326821
全家新延店,228113485,台北市士林區延平北路五段２１７號１樓,60510,25.0839899,121.5098419
全家葫蘆店,288114965,台北市士林區延平北路五段２８３之１號,11871,25.085615,121.5094807
全家社子島店,228105039,台北市士林區延平北路八段１０５號１樓,61646,25.1057775,121.483407
全家德行店,228314191,台北市士林區德行東路１０９巷３號,11396,25.1078808,121.5281936
全家德忠店,228318420,台北市士林區德行東路１０９巷７５號壹樓,52932,25.1100775,121.5284697
全家新芝蘭店,228345602,台北市士林區德行東路２８２號１樓,63061,25.1099374,121.5357928
全家新天和店,228723753,台北市士林區忠誠路二段１６８號１樓,54186,25.1156536,121.5331645
全家誠德店,228344780,台北市士林區忠誠路二段５號１樓,56412,25.1087688,121.5306097
全家新蘭雅店,228314977,台北市士林區忠誠路二段５２號壹樓及地下室部份,54987,25.1108839,121.5303818
全家文鑫店,228816801,台北市士林區文林路２０５號１樓及地下室,58442,25.0901023,121.5270008
全家新格致店,228623855,台北市士林區格致路５３號１樓,55430,25.1377253,121.5464251
全家鑫社店,228112859,台北市士林區社中街２８０號１樓及２樓,59595,25.0920812,121.5062323
全家社中店,228132673,台北市士林區社中街３８６號,18803,25.0922812,121.5034501
全家永新店,228113436,台北市士林區社子街２７號,11080,25.0876678,121.5079657
全家社正店,288115530,台北市士林區社正路２６號１樓,59896,25.088659,121.5095614
全家福林店,288611682,台北市士林區福林里中正路２３３號，２３３之１號,12034,25.095213,121.526009
全家百齡店,228834606,台北市士林區福港街１５８－１號,50535,25.0871572,121.5177486
全家和豐店,228813084,台北市士林區福華里和豐街２號一樓,15638,25.0828021,121.5193393
全家天文店,228319102,台北市士林區美崙街１１８號,16316,25.0970573,121.5195316
全家至善店,228414153,台北市士林區臨溪里至善路二段２６８號一樓,12950,25.1004577,121.5510549
全家中影店,228839581,台北市士林區至善路二段３４號,19226,25.0968984,121.5448055
全家美崙店,228346427,台北市士林區華榮街９７號,10246,25.0971113,121.5231683
全家通河店,228858507,台北市士林區通河街１４５號,11036,25.0810371,121.5207014
全家新葫東店,228162923,台北市士林區重慶北路四段１８４號１樓,54213,25.084562,121.511996
全家致昇店,228385392,台北市士林區雨聲街３６號１樓,57718,25.102078,121.529215
全家新陽明店,228818262,臺北市士林區中正路３２９號,50840,25.0945343,121.5231603
全家大北店,228819255,臺北市士林區文林路３２０號,50683,25.0923066,121.5261069
全家金慶店,225564600,台北市大同區南京西路３０８號１樓,56491,25.053872,121.513377
全家京鋒店,225587692,台北市大同區南京西路６１號１樓,58045,25.053104,121.519236
全家大龍店,225980054,台北市大同區大龍街１３３號１樓,14447,25.0674037,121.5161886
全家蘭州店,225995380,台北市大同區大龍街２１７號１樓,16641,25.0705817,121.5159995
全家太陽店,225507907,台北市大同區太原路１５３號１樓,59755,25.055248,121.5166957
全家泰元店,225592980,台北市大同區太原路８１號,56215,25.0517999,121.5157275
全家寧夏店,225500930,台北市大同區寧夏路２８，３０，２８—１，２８—２號,11023,25.0558713,121.5150634
全家國順店,225919787,台北市大同區延平北路三段１１８號１樓,14516,25.0673463,121.5108186
全家永樂店,225529571,台北市大同區延平北路二段２６０號之１　,50875,25.060467,121.511266
全家龍泉店,285961664,台北市大同區延平北路四段６２號１樓,60985,25.0704909,121.510802
全家京承店,225508721,台北市大同區承德路一段２９號１樓,61900,25.0509419,121.5173002
全家日新店,225505051,台北市大同區承德路二段３９＆４１號１樓,14515,25.0549924,121.5184133
全家甘州店,225505587,台北市大同區歸綏街１８１之２號,50716,25.0582942,121.513269
全家權澤店,225506916,台北市大同區民權西路１１０號１樓及夾層,59306,25.0627151,121.5170177
全家福澤店,225572577,台北市大同區民權西路１４６號,11099,25.0627453,121.5158454
全家萬全店,225576965,台北市大同區民生西路６３號,11354,25.0577399,121.5201341
全家迪化街店,285902267,台北市大同區迪化街一段４２號１、２樓,62002,25.054875,121.509978
全家鑫泉店,225986829,台北市大同區酒泉街２２７號１樓,59021,25.0722453,121.511258
全家慶國店,225950170,台北市大同區重慶北路三段２７８之２號１樓,61468,25.072639,121.5135823
全家龍昌店,225919144,台北市大同區重慶北路三段３２７號１樓（如附圖）,59247,25.0744433,121.5140679
全家慶權店,225578978,台北市大同區重慶北路二段２６３號１樓,12707,25.0627427,121.5138427
全家福山店,225526380,台北市大同區長安西路２５號１樓全部,60511,25.0503304,121.519961
全家長慶店,225507756,台北市大同區長安西路２５８號１樓,57719,25.0516043,121.5133563
全家玉泉店,225522657,台北市大同區長安西路３４２號１樓,57525,25.0519359,121.5102772
全家福安店,225509755,台北市大同區長安西路５４號１樓,14437,25.0501431,121.5198762
全家酒泉店,225929575,臺北市大同區庫倫街４８之４號,50002,25.0718037,121.5180586
全家新橋店,225996171,臺北市大同區延平北路三段２５之３號,52078,25.06438,121.5112541
全家明曜店,227780326,台北市大安區仁愛路四段１５１巷３４號．３６號,11901,25.0405267,121.5516555
全家國泰店,227542056,台北市大安區仁愛路四段２６６巷１５弄１０號１樓,12742,25.0365427,121.5535193
全家吉泰店,227001566,台北市大安區仁愛路四段３００巷１１之１號,51421,25.0369724,121.5546715
全家仁慈店,227089002,台北市大安區仁愛路四段４８巷６號,10086,25.0371082,121.5470275
全家忠愛店,227314580,台北市大安區仁愛路４段２７巷４３號,14560,25.0410747,121.5452829
全家金信店,223587145,台北市大安區信義路二段１０４號１樓,55507,25.0338325,121.527538
全家義和店,227047661,台北市大安區信義路四段２６５巷８號,53348,25.0337519,121.5541698
全家義安店,227015844,台北市大安區信義路四段８８號（部分）,53796,25.0330241,121.5475804
全家義興店,227048404,台北市大安區信義路４段１之１０．１之１１號,14506,25.0335261,121.5441502
全家華視店,227310238,台北市大安區光復南路１１６巷２６號,14497,25.0429093,121.5565761
全家國父紀念館店,227755468,台北市大安區光復南路２９２號（範圍如附圖）,58222,25.0392336,121.557358
全家光新店,227849586,台北市大安區光復南路４１８號,11234,25.0365381,121.5573165
全家台師店,223682773,台北市大安區和平東路一段１６２號,56569,25.0256415,121.5270005
全家和茂店,227371408,台北市大安區和平東路三段５８號１樓,53269,25.024361,121.548167
全家和東店,227324425,台北市大安區和平東路二段１０２之３號１樓,11020,25.0249196,121.5417603
全家國立教育店,227325341,台北市大安區和平東路二段１３４號１樓,62801,25.0234536,121.5464801
全家和新店,283691009,台北市大安區和平東路二段２２號,11205,25.025621,121.536271
全家和復店,227540370,台北市大安區和平東路二段２６１號，２６３號,11572,25.0249481,121.5439412
全家成功店,227550428,台北市大安區和平東路二段３１１巷３２號,10552,25.0256433,121.5450559
全家台科店,227384936,台北市大安區基隆路４段４３號地下一樓第三餐廳,58658,25.0119407,121.5410802
全家大安店,227117896,台北市大安區大安路一段２０號,10076,25.0440921,121.5460856
全家和信店,227556391,台北市大安區安和路一段１０４號,56909,25.034158,121.552268
全家敦安店,227019097,台北市大安區安和路一段１１２巷２７號,10038,25.0340368,121.5503778
全家安富店,227755484,台北市大安區安和路一段４９巷１０號,58248,25.0384537,121.5517087
全家東方店,227039578,台北市大安區安和路二段１０巷１０號壹樓及地下室,50625,25.032496,121.5516969
全家樂和店,227329745,台北市大安區安和路二段１６９號,56351,25.0281922,121.5501796
全家安居店,227375452,台北市大安區安居街７６號,10121,25.0196611,121.5533299
全家師大店,223918196,台北市大安區師大路７９號,10051,25.0233969,121.5285941
全家延安二店,287717379,台北市大安區延吉街１３０號,53434,25.0401385,121.5547133
全家延孝店,227405319,台北市大安區延吉街１３５號之三，一樓,10564,25.0423395,121.554397
全家延安店,287716553,台北市大安區延吉街１５８號,11636,25.0395322,121.5548506
全家北科店,227762695,台北市大安區建國南路一段８１號,56573,25.0435178,121.537739
全家建國店,227540801,台北市大安區建國南路二段１５１巷３８號１樓,10823,25.028656,121.5392359
全家建南店,227318185,台北市大安區建國南路１段１５６，１５８號,14424,25.0411955,121.536824
全家興忠店,227419504,台北市大安區復興南路一段２００號,10258,25.0397231,121.5434452
全家興仁店,287732350,台北市大安區復興南路一段２１７號,11029,25.0390985,121.5439589
全家復豪店,227098606,台北市大安區復興南路一段３６２號,61762,25.035221,121.543307
全家興和店,227845780,台北市大安區復興南路二段１５３號,12065,25.0282649,121.5437837
全家興南店,227552227,台北市大安區復興南路二段８號及１０號,10197,25.0328736,121.5433475
全家復豐店,227555927,台北市大安區復興南路１段２５７號１樓,59160,25.034036,121.544113
全家懷生店,227763718,台北市大安區復興南路１段７０號,14559,25.034036,121.544113
全家正興店,227316936,台北市大安區忠孝東路三段２４８巷６號,59760,25.0412708,121.5411411
全家安勝店,227790263,台北市大安區忠孝東路四段１８１巷６號１樓,61447,25.0419442,121.5507046
全家統領店,227112125,台北市大安區忠孝東路四段１８１巷７弄２１號１樓部份,58020,25.0421803,121.5517587
全家延吉店,227412630,台北市大安區忠孝東路四段２１６巷３１號,10003,25.0395997,121.553054
全家昌隆店,287733114,台北市大安區忠孝東路３段２１７巷２弄１號１樓,16506,25.0437034,121.5398526
全家龍普店,287733622,台北市大安區忠孝東路４段１７０巷６弄２號,14423,25.0413024,121.5507892
全家忠孝光復店,227790255,台北市大安區忠孝東路４段３０２號１樓東側部分,60528,25.0411551,121.5563871
全家忠孝延吉店,227754165,台北市大安區忠孝東路４段３１５號１樓,60878,25.0416119,121.5559331
全家忠孝店,227780668,台北市大安區敦化南路一段１９０巷７號,52097,25.0427355,121.5482022
全家新遠企店,227323623,台北市大安區敦化南路二段２６１號,14201,25.0256108,121.5491738
全家敦鼎店,227018593,台北市大安區敦化南路二段７７號１樓右側空間,58876,25.0301126,121.5491676
全家敦新店,227057671,台北市大安區敦安里仁愛路四段１１２巷５號一樓,15882,25.0369716,121.5497423
全家通昌店,223256420,台北市大安區文昌街１４２號壹樓全部,54482,25.0324858,121.5532532
全家新生南路店,227035220,台北市大安區新生南路一段１６３號,10085,25.0343293,121.532988
全家大森店,227005349,台北市大安區新生南路一段１６５巷３５號,56790,25.0342136,121.5360515
全家台新店,223626210,台北市大安區新生南路三段８４之８號,11819,25.0188981,121.5334736
全家新北科店,227712202,台北市大安區新生南路１段１號光華樓１樓部分空間,59674,25.044019,121.533227
全家泰順店,223634365,台北市大安區泰順街２０號１樓（部分範圍）,59500,25.0252791,121.5314138
全家潮州店,223917239,台北市大安區潮州街８０號１樓,62990,25.0291353,121.5243668
全家濟南二店,287734589,台北市大安區濟南路３段７號,51735,25.0403001,121.5336487
全家瑞和店,227049888,台北市大安區瑞安街１３５巷２８號１樓,14503,25.0264997,121.5416741
全家羅騰店,223651801,台北市大安區羅斯福路三段２６９巷２號,54169,25.0189915,121.5306737
全家羅中店,223924175,台北市大安區羅斯福路二段１７號１Ｆ,10706,25.0281109,121.521944
全家台福店,283691892,台北市大安區羅斯福路四段１號腳踏車部部份空間,51140,25.0178915,121.5374454
全家台大楓林店,223675017,台北市大安區羅斯福路四段１號（女九餐廳）,57548,25.0147271,121.5348371
全家台大二活店,223661941,台北市大安區羅斯福路四段８５號（第二學生活動中心）,12701,25.0129394,121.536638
全家古亭店,223673372,台北市大安區羅斯福路２段１０３號,14431,25.0246795,121.5245431
全家台一宿舍店,223672617,台北市大安區羅斯福路４段１號台大大一女北側餐廳,60038,25.0153554,121.5346063
全家臨江店,227322438,台北市大安區臨江街２巷２號,57497,25.0293856,121.5568909
全家二繽店,227372960,台北市大安區辛亥路三段３３０號,55392,25.0135446,121.5530214
全家辛亥店,223778503,台北市大安區辛亥路二段１７１巷３號,10462,25.0219394,121.5412116
全家通和店,227331503,台北市大安區通安街７７號,14420,25.0303352,121.5533121
全家台興店,227324804,台北市大安區長興街５０號,55746,25.0158108,121.5453762
全家信美店,227544328,臺北市大安區信義路三段１３４巷２號壹樓＋地下室,19866,25.0330035,121.5392793
全家安賢店,227074252,臺北市大安區四維路１７０巷４號,50267,25.0281012,121.5478151
全家新敦民店,227111320,臺北市大安區敦化南路一段１６１巷７號,14983,25.0436398,121.5496954
全家仙岩店,286631305,台北市文山區仙岩路２號,10582,24.9982148,121.5478771
全家保儀店,229371061,台北市文山區保儀路７８號、８０號,59246,24.9875088,121.5685166
全家順輝店,229388216,台北市文山區光輝路７號,14381,24.9864334,121.5551008
全家大順店,222344799,台北市文山區忠順街一段１３１號,57245,24.9844421,121.5605191
全家鑫順店,229370174,台北市文山區忠順街二段１６號、１８號,51921,24.9845533,121.5626602
全家恆光店,229375738,台北市文山區恆光街２１號１樓,60498,24.9832186,121.566904
全家指南店,229376465,台北市文山區指南路三段５１號１樓及２樓,60586,24.9838229,121.5797009
全家政富店,286613075,台北市文山區指南路二段１４５號１樓,57249,24.987514,121.577126
全家興政店,286619335,台北市文山區指南路二段８３號壹＋貳樓,52233,24.9878667,121.5751829
全家景中店,229334768,台北市文山區景中街５號，七號一樓,10661,24.993073,121.541795
全家景後店,229342042,台北市文山區景後街９５號,55530,24.9919383,121.5429252
全家景文店,229303305,台北市文山區景文街８３號,10986,24.9911681,121.5414987
全家萬慶店,286631281,台北市文山區景福街２３０巷１號一樓,60805,24.9936163,121.5391892
全家景富店,289313890,台北市文山區景福街２５號,51236,24.9990019,121.5382083
全家世景店,286632846,台北市文山區景興路２８２巷２號壹樓,58298,24.9896579,121.5423235
全家新文華店,286633877,台北市文山區景華街３巷２號１樓及Ｂ１,52542,24.9951984,121.5416676
全家華德店,229356335,台北市文山區景華街７５號,16972,24.9953323,121.5454545
全家鑫木新店,229388551,台北市文山區木新路三段３４３號１樓,62612,24.9803476,121.5559761
全家欣榮店,222343591,台北市文山區木新路三段９３號,52904,24.9821107,121.5630622
全家試院店,222369520,台北市文山區木柵路一段９１號９３號一樓,12966,24.9871459,121.547387
全家木柵路店,229362952,台北市文山區木柵路三段１４８號１５０號,10013,24.988804,121.568612
全家明興店,286618412,台北市文山區木柵路２段１０９巷２５弄２號．２－１號,16279,24.990029,121.562951
全家木興店,222348419,台北市文山區木柵路２段５２號,14507,24.9886001,121.5588734
全家師美店,229322856,台北市文山區汀州路４段７７號,14502,25.0080777,121.5375578
全家萬和店,286636168,台北市文山區羅斯福路五段２１８巷３８弄２號１樓,12870,25.0021667,121.5369143
全家萬福店,229315696,台北市文山區羅斯福路五段２６９巷１１號,57119,25.0013605,121.5401754
全家羅和店,229352655,台北市文山區羅斯福路六段１４６－１號,56570,24.9956891,121.5410883
全家景和店,289319847,台北市文山區羅斯福路六段２７４號,11705,24.9914396,121.539907
全家興園店,229334696,台北市文山區興業里興隆路二段２２０巷３３號,10692,25.0004156,121.5522651
全家景興店,229304049,台北市文山區興隆路一段２４９號１樓,10770,24.999615,121.544179
全家萬芳店,229348650,台北市文山區興隆路三段１１２巷２弄１號１樓,62061,24.9988753,121.5570226
全家中科大店,229333950,台北市文山區興隆路三段３６巷９弄１０號,56916,24.9997571,121.5555694
全家興業店,286635963,台北市文山區興隆路二段２７９號,10731,25.0016911,121.552673
全家靜興店,229356712,台北市文山區興隆路二段７５號壹樓,54857,24.9992633,121.5465804
全家文山公宅店,286619874,台北市文山區興隆路四段１０５巷４２號木柵大樓１樓,59499,24.9876173,121.5620305
全家興崙店,229397480,台北市文山區興隆路四段５０之１號,11823,24.9864951,121.5608099
全家再興店,222302780,台北市文山區興隆路３段２０７巷１１弄２號,14498,24.9949639,121.561556
全家興萬店,282301508,台北市文山區萬安街２９號一樓,60351,25.0007361,121.5707412
全家興昌店,229357810,台北市文山區辛亥路４段１０１巷１號,14172,25.006621,121.55902
全家名門店,222301700,臺北市文山區和平東路四段９５、９７號１樓,10480,25.0052007,121.5678822
全家新福興店,229301491,臺北市文山區福興路６５號,50509,25.003632,121.5499189
全家萬興店,229304220,臺北市文山區興隆路一段５５巷２７弄１－４號,19475,25.0042038,121.5413255
全家京萬店,225464886,台北市南京東路三段３３３號,62776,25.0520388,121.5474591
全家三富店,227677510,台北市松山區三民路１４８號,18798,25.0610803,121.5633311
全家京民店,227422080,台北市松山區三民路６號＋Ｂ１,52667,25.0521035,121.5639817
全家慶城店,225464461,台北市松山區中正里慶城街８號,12710,25.052626,121.544857
全家常興店,225464600,台北市松山區五常街３６４號１樓,16377,25.0642512,121.5449088
全家康柏店,227604612,台北市松山區健康路２２０號,19308,25.0538007,121.5614413
全家民康店,227457090,台北市松山區健康路２８５號１樓,57248,25.054313,121.563995
全家大理店,227473064,台北市松山區光復北路１１巷５０號１樓,10572,25.0498405,121.5600167
全家新德光店,225780506,台北市松山區光復南路３２巷４６－４號,53740,25.0461876,121.5543059
全家台發店,225781936,台北市松山區八德路三段３０號壹樓（如附圖）,58139,25.0480786,121.551529
全家中發店,225793662,台北市松山區八德路三段７４巷１０號１．２樓如附圖,58851,25.047775,121.5524808
全家復盛店,227619127,台北市松山區八德路四段４０號．４２號,14193,25.0482148,121.5592213
全家寶清店,227532857,台北市松山區八德路四段５９８號１樓,12465,25.0497121,121.5727214
全家松慈店,227466249,台北市松山區八德路四段６７６號,60556,25.0499063,121.5763166
全家力晶店,227213487,台北市松山區南京東路三段２５８號,16737,25.0515859,121.5448389
全家新東光店,237652819,台北市松山區南京東路五段１２３巷１號１樓,54918,25.0519529,121.5606984
全家京吉店,227478279,台北市松山區南京東路五段１８０號,55678,25.0510431,121.5634683
全家新東寶店,227605928,台北市松山區南京東路五段２９１巷１４號,53920,25.0523095,121.5660664
全家大盛店,227650089,台北市松山區南京東路五段６６巷２弄１之１號１樓,11464,25.0508091,121.5604933
全家新健康店,225462607,台北市松山區南京東路四段１３３巷９弄２號,52235,25.0532357,121.5552486
全家京兆店,227121962,台北市松山區南京東路四段１３７號壹樓,62679,25.0518323,121.5553266
全家京鑽店,225460775,台北市松山區南京東路四段４７號壹樓,57769,25.0519256,121.5508247
全家京盛店,225795737,台北市松山區南京東路四段５６－１號１樓,55030,25.051479,121.553727
全家新大吉店,227489223,台北市松山區吉祥路１９號,53561,25.0493777,121.5627064
全家微風店,287719880,台北市松山區市民大道四段５１號１樓,12002,25.0453402,121.546099
全家長城店,227176687,台北市松山區敦化北路１２０巷８０號,14267,25.0543735,121.5462734
全家宏勝店,225455887,台北市松山區敦化北路１５３號１樓,60647,25.0541054,121.5494742
全家宏大店,227183704,台北市松山區敦化北路１５５巷３號１樓,10576,25.0541633,121.5497368
全家敦中店,287716763,台北市松山區敦化北路４巷１號,51718,25.0500679,121.547364
全家新東店,227653580,台北市松山區新東街１４號,10989,25.0578474,121.5662001
全家富錦店,227455196,台北市松山區新益里富錦街５２９號一樓,15722,25.0612808,121.5654539
全家松醫店,227600199,台北市松山區東光里健康路１５８號,12121,25.053378,121.55785
全家興北店,227150977,台北市松山區民權東路三段１０３巷１５—１號,11539,25.0635244,121.5450716
全家復北店,225468878,台北市松山區民權東路三段１０４號壹樓及地下室,58478,25.0618164,121.5448359
全家新民有店,287129937,台北市松山區民權東路三段１６０巷１１號,52774,25.0606677,121.5478006
全家豐華店,227123226,台北市松山區民生東路三段１１３巷６弄１號一樓,16991,25.0586579,121.5460327
全家豐禾店,227126702,台北市松山區民生東路三段１３０巷５弄２號,10142,25.0569252,121.5463277
全家豐興店,225471001,台北市松山區民生東路三段１３０巷５弄２２號,11417,25.0569233,121.5471293
全家松民店,237652608,台北市松山區民生東路五段１５９號,56542,25.0591144,121.5624961
全家昇東店,227491649,台北市松山區民生東路五段１９７號,52234,25.0593693,121.566196
全家富泰店,227460211,台北市松山區民生東路五段２０４－３號一樓,60127,25.0582051,121.564772
全家東豐店,227612771,台北市松山區民生東路五段３７號,54527,25.0585487,121.5568944
全家鑫民復店,225473532,台北市松山區民生東路四段８０巷１弄２號,62442,25.057548,121.5531171
全家中央店,225460351,台北市松山區民生東路四段９５號,10260,25.0582031,121.5519872
全家松壽店,227474015,台北市松山區自強里延壽街３３０巷７弄２２號一樓,15776,25.0552597,121.5618412
全家長復店,227500001,台北市松山區長安東路二段２１９號,14281,25.0482805,121.5449043
全家鑫德店,287717609,臺北市松山區八德路二段４００號,51699,25.0480204,121.5466491
全家塔悠店,227420973,臺北市松山區延壽街２號一樓,18829,25.0572014,121.5690567
全家長泰店,223034841,台北市萬華區壽德里長泰街２號２之１號一樓,15541,25.0231497,121.5014236
全家新富民店,223070071,台北市萬華區富民路９１巷８號１樓,55943,25.0189877,121.4992297
全家寶元店,223099925,台北市萬華區寶興街４０號,14195,25.0272176,121.4932876
全家寶興店,223013308,台北市萬華區寶興街７８號,10056,25.026091,121.4942159
全家萬國店,223894642,台北市萬華區峨眉街２１號１樓,10602,25.04353,121.507437
全家新峨嵋店,223711411,台北市萬華區峨眉街８２號１樓,52625,25.044116,121.504065
全家康華店,223027338,台北市萬華區康定路２２９號１樓,58618,25.0353773,121.5013574
全家康勝店,223821077,台北市萬華區康定路６０號１樓,56682,25.0425399,121.5022114
全家康定店,223899260,台北市萬華區康定路７３號,10720,25.0406509,121.5022119
全家康陽店,223812716,台北市萬華區康定路９９號,55851,25.039647,121.5020354
全家龍廣店,223026434,台北市萬華區廣州街２０３號１．２樓,57328,25.0367317,121.5003595
全家新廣州店,223027354,台北市萬華區廣州街２３５－１號,54858,25.0368372,121.4986134
全家和西店,223080749,台北市萬華區愛鄉里和平西路三段２９０之５號、２９０,16064,25.0352563,121.4947867
全家鑫都店,223885903,台北市萬華區成都路７１號１樓,59036,25.042955,121.50561
全家成都店,223758507,台北市萬華區昆明街１３４號；成都路８６號,12553,25.0427821,121.5046866
全家廣明店,223115442,台北市萬華區昆明街１７３號１樓,59958,25.0398411,121.5043309
全家昆明店,223705910,台北市萬華區昆明街１８６號１樓,12491,25.0414219,121.5044101
全家萬東店,223077891,台北市萬華區東園街１７４號１樓,54170,25.0223591,121.4980207
全家鑫吉利店,223378557,台北市萬華區東園街２８巷３４號,56130,25.0268498,121.4950732
全家東園店,223327420,台北市萬華區東園街６９號,10211,25.0260297,121.4965415
全家桂林店,223318161,台北市萬華區桂林路２３號１樓,52446,25.0379576,121.5050848
全家民和店,223039216,台北市萬華區民和街９號１樓,54559,25.0262658,121.4998873
全家漢中店,223141275,台北市萬華區漢中街１３９號１樓,14443,25.041721,121.5073529
全家萬中店,223887636,台北市萬華區漢口街二段２２號,55246,25.0452873,121.5079625
全家萬明店,223119635,台北市萬華區漢口街二段６７之２號１樓,57790,25.0460827,121.5054825
全家綠堤店,223041210,台北市萬華區環河南路二段１７３號,16464,25.0328837,121.4923968
全家環南店,223026891,台北市萬華區環河南路二段２９８號,10899,25.031562,121.49071
全家園寶店,223035528,台北市萬華區興義街５１號１樓,63651,25.0263505,121.4915592
全家新武成店,223326103,台北市萬華區萬大路４８６巷５９弄１號１樓,55945,25.0203995,121.4959238
全家萬大店,223040610,台北市萬華區萬大路６４號１樓,58487,25.0310196,121.5003898
全家萬園店,223040410,台北市萬華區西園路一段１５９號壹樓,55429,25.0349993,121.4994685
全家萬年店,223883343,台北市萬華區西寧南路１５５號１樓,12307,25.0435309,121.506284
全家西寧南路店,225469055,台北市萬華區西寧南路３１－１號,62613,25.047809,121.507602
全家貴陽店,223891854,台北市萬華區貴陽街二段１８２號，１８４號,11362,25.0401147,121.5005795
全家日祥店,223331039,台北市萬華區青年路１５４號、１６８巷２弄１４號１樓,12867,25.0211159,121.5023553
全家公園店,223051904,台北市萬華區青年路４８號,10329,25.0255502,121.5040744
全家金園店,223083402,臺北市萬華區西園路二段１４０巷４２號,51480,25.0313233,121.4951687
全家新青年店,223331983,臺北市萬華區青年路６號,50578,25.0262047,121.5061913
全家三峽金寶店,286714922,新北市三峽區中山路２４０號,10995,24.9375125,121.3624212
全家三峽新莉雅店,226741580,新北市三峽區二鬮路５９之１號１樓,52793,24.9076856,121.359866
全家三峽新介壽店,286766209,新北市三峽區介壽路三段１７６號１樓,53562,24.9441264,121.4029249
全家三峽大同店,286742229,新北市三峽區光明路１００之６號,10895,24.9280838,121.3757809
全家三峽光明店,226749014,新北市三峽區光明路６號，８號１樓,10768,24.931236,121.3730727
全家三峽錦隆店,286717821,新北市三峽區國光街１號１樓,50359,24.9367013,121.3755477
全家三峽國寧店,286721143,新北市三峽區國學街３１．３３號,14403,24.9423229,121.3728173
全家三峽金同店,286721784,新北市三峽區大同路１９６之１號１樓,50626,24.92715,121.371242
全家三峽同發店,286714604,新北市三峽區大同路３－１號１樓及地下層全部,18655,24.9290168,121.377809
全家三峽福容店,226728452,新北市三峽區大學路８１號１樓,51468,24.9414737,121.375873
全家三峽大德店,235012620,新北市三峽區大德路４８３號１樓,50095,24.9476099,121.3742664
全家三峽觀成店,286723040,新北市三峽區大觀路８０號１樓,14525,24.9462616,121.3741416
全家三峽大學店,286721732,新北市三峽區學勤路１號１樓,60626,24.9458169,121.3732657
全家三峽學勝店,286716146,新北市三峽區學勤路１６２號１樓,52934,24.9460864,121.3754344
全家三峽和平店,226735218,新北市三峽區復興路１５７號１樓,18878,24.9382919,121.370761
全家三峽恩主店,226714305,新北市三峽區復興路３７３、３７５號１樓,12763,24.9385003,121.3634006
全家三峽復興店,226714174,新北市三峽區復興路５６號１樓,15372,24.937178,121.3735439
全家三峽文化店,226728908,新北市三峽區文化路１１７號１樓,15242,24.9360247,121.3700792
全家三峽大勇店,226734590,新北市三峽區文化路２５４號１樓,52576,24.9359345,121.367134
全家三峽民權店,286711532,新北市三峽區民權街２３１號１樓,51422,24.9279987,121.3679283
全家三峽峇里店,226736076,新北市三峽區鳶山里中山路３０３號一樓,16018,24.9376461,121.3612761
全家三峽三樹店,226739736,新北市三峽區龍埔里三樹路２５７號２５９號一樓,15621,24.9431788,121.3790432
全家三芝如意店,226368526,新北市三芝區中山路一段７５號,63410,25.2569911,121.5010618
全家三芝吉祥店,226361917,新北市三芝區淡金路一段７３，７５，７７號,11514,25.2586776,121.5020751
全家三重厚德店,229815241,新北市三重區三和路三段１８６號１樓,54038,25.073508,121.4920369
全家三重三安店,229819584,新北市三重區三和路三段４０號,53155,25.0706062,121.4961137
全家三重龍和店,229762428,新北市三重區三和路三段５９號,18758,25.071806,121.495083
全家三重福運店,222863881,新北市三重區三和路四段２５０號１樓,14972,25.076753,121.486027
全家三重銀和店,222870339,新北市三重區三和路四段３９４號１樓,54449,25.0792508,121.481697
全家三重三民店,229843629,新北市三重區三民街１１２號,11182,25.0633437,121.4849451
全家三重新福田店,229823712,新北市三重區三民街２７０號１樓,51783,25.0680413,121.4790547
全家三重富貴店,282876954,新北市三重區三賢街２０１號,14291,25.0866796,121.4855729
全家三重陽光店,229717002,新北市三重區三陽路１１０號１樓,60360,25.0587286,121.4832008
全家三重新三陽店,229718178,新北市三重區三陽路１３巷２號１樓,55679,25.0589226,121.4858582
全家三重三佾店,229784888,新北市三重區中央北路５８號１樓,16546,25.0654904,121.5003989
全家三重中央店,229744057,新北市三重區中央南路５１號１樓,56577,25.061719,121.5012054
全家三重興南店,229742923,新北市三重區中央南路８號１樓,50286,25.0629983,121.5013295
全家三重金勇店,229850689,新北市三重區中正北路３７８號１樓,52174,25.0696239,121.47672
全家三重新正店,229720095,新北市三重區中正南路１８４號１樓,55946,25.0564485,121.4941856
全家三重華山店,229879931,新北市三重區中華路２８號,50360,25.0610516,121.4833037
全家三重華泰店,229874587,新北市三重區中華路５３號１樓,19827,25.0621235,121.4836594
全家三重華興店,229876468,新北市三重區五華街４５號．４７號１樓,12622,25.0811639,121.4944511
全家三重新五華店,229889750,新北市三重區五華街８３號１樓,62223,25.0832164,121.4921835
全家三重谷王店,229995146,新北市三重區五谷王北街１７１號１樓,62727,25.053372,121.476647
全家三重仁美店,282879284,新北市三重區仁美街１０４號,53640,25.0805861,121.4856468
全家三重新仁義店,289859488,新北市三重區仁義街１６４號１樓,51369,25.080901,121.496939
全家三重華義店,289859180,新北市三重區仁義街２４４號、富華街１９３號１樓,16326,25.0854788,121.4941362
全家三重通華店,282875919,新北市三重區仁義街３１７號,19032,25.0843086,121.4954678
全家三重仁興店,229937198,新北市三重區仁興街３９巷４１號１樓及地下室,60879,25.0760561,121.5000954
全家三重興富店,285124587,新北市三重區光復路一段７０號１樓,54183,25.0495568,121.4719067
全家三重群光店,229999287,新北市三重區光復路二段６９號１樓,55533,25.0564641,121.4726687
全家三重力行店,229808615,新北市三重區力行路一段４０號,10926,25.067951,121.4861794
全家三重頂崁店,229809001,新北市三重區博愛里２２鄰頂崁街２１０巷３１號１樓,12498,25.0682559,121.4756402
全家三重車勇店,229868439,新北市三重區大勇街１號１樓,56941,25.0714569,121.4837707
全家三重大同店,229841445,新北市三重區大同北路６號１樓,55115,25.0619498,121.4952343
全家三重致學店,229869646,新北市三重區大智街１９７號１樓,19027,25.0735974,121.4893309
全家三重大智店,229807923,新北市三重區大智街９４號,10353,25.0663266,121.493446
全家三重環南店,229743620,新北市三重區成功路５２號，５４號，５６號１樓,11524,25.0506266,121.4888797
全家三重環北店,229736779,新北市三重區成功里環河南路２５３號一樓,15838,25.0506505,121.4912491
全家三重新運店,229879457,新北市三重區捷運路１９巷６弄２０號１樓,19629,25.0567563,121.4844601
全家三重大榮店,229761842,新北市三重區文化北路１５號１樓,58198,25.0635973,121.4997963
全家三重新文化店,229749186,新北市三重區文化南路３０號１樓,63031,25.0616327,121.5002694
全家三重醫院店,229845054,新北市三重區新北大道一段３號前棟２樓,61729,25.0609301,121.4902027
全家三重正義北店,229863442,新北市三重區正義北路２５３號１樓,63322,25.0696707,121.495799
全家三重民生店,229809320,新北市三重區民生東街２號,11193,25.0683003,121.4925526
全家三重永安店,228579121,新北市三重區永安北路二段１１號１樓,11893,25.0812985,121.4819811
全家三重大勇店,229829253,新北市三重區永發里力行路二段２號一樓,15905,25.0719344,121.4817698
全家三重福旺店,222863796,新北市三重區永福街１２３號１樓,14316,25.077165,121.4789508
全家三重新永福店,222800071,新北市三重區永福街１２６號１樓,61648,25.0749803,121.4793775
全家三重溪尾店,222867450,新北市三重區溪尾街１６０號１樓,10636,25.0800651,121.4887294
全家三重福溪店,282873066,新北市三重區溪尾街５６號,11858,25.0777035,121.4903921
全家三重田心店,229844120,新北市三重區田心里忠孝路三段５０巷８２號一樓,15757,25.064616,121.483043
全家三重大橋店,229769363,新北市三重區福德南路１０號１樓,60117,25.0632705,121.5027851
全家三重成功店,229742342,新北市三重區福德里成功路１４５巷４５號４７號一樓,15296,25.0533759,121.487929
全家三重自立店,229863917,新北市三重區自強路三段１５號１樓,59470,25.0721562,121.4872384
全家三重欣田店,289837451,新北市三重區自強路二段２４號,16720,25.069137,121.489452
全家三重興德店,285124015,新北市三重區興德路１２３號,18656,25.0531977,121.4709046
全家三重車路頭店,282839334,新北市三重區車路頭街１４０號１樓及地下室,52421,25.075742,121.4839869
全家三重過圳店,229868554,新北市三重區過圳街３號１樓,16988,25.0588422,121.4890013
全家三重菜寮店,229749493,新北市三重區重新路三段１２６號１樓,52257,25.059948,121.4921496
全家三重重光店,229746074,新北市三重區重新路三段１７６號１樓,53419,25.059088,121.490688
全家三重天台店,229744755,新北市三重區重新路二段７８號,16971,25.0619496,121.4974124
全家三重中興店,229992889,新北市三重區重新路五段５９５，５９７號,10735,25.0457574,121.469568
全家三重國泰店,229720115,新北市三重區重新路四段８９號重新第二大樓１樓,58822,25.055625,121.486069
全家三重湯城店,229992495,新北市三重區重新路５段６０９巷１４號之７＆之８,18637,25.0459724,121.467594
全家三重金陽店,289859597,新北市三重區重陽路一段７９號１樓,59209,25.0588801,121.486971
全家三重力陽店,229806455,新北市三重區重陽路三段１２６號１樓,61635,25.0666278,121.4888868
全家三重重仁店,289883651,新北市三重區重陽路三段５巷３０號,11359,25.0652591,121.4914725
全家三重九陽店,229845805,新北市三重區重陽路二段３０號１樓,58042,25.0628157,121.4868378
全家三重信安店,229878001,新北市三重區重陽路四段５５號１樓,51226,25.0703135,121.4921171
全家三重新光榮店,229767953,新北市三重區長興街５７號１樓,56115,25.0687948,121.5009863
全家三重集勇店,228570741,新北市三重區集勇街１９號,19380,25.0851936,121.485095
全家三重新集明店,229742458,新北市三重區集美街１１８號１樓,63073,25.053751,121.4888184
全家三重集美店,229742761,新北市三重區集美街１４９號１樓,10851,25.0530314,121.490794
全家三重長壽店,289827026,新北市三重區雙園里長壽西街１號,12156,25.0676994,121.498017
全家三重街口店,229875620,新北市三重區頂崁街２１０巷２號１樓,56766,25.0674654,121.4772536
全家三重龍美店,229785611,新北市三重區龍濱路１２０號１樓,14480,25.0712184,121.5017827
全家三重龍明店,229781104,新北市三重區龍濱路１６８號１樓,14523,25.0725388,121.5013379
全家三重龍門店,229723089,新北市三重區龍門路２７６號,16671,25.0741626,121.5017941
全家中和左岸店,222264967,新北市中和區中原三街３號,63420,25.0101778,121.4876352
全家中和金原店,282211769,新北市中和區中原街１２６號１樓,57078,25.0110867,121.485882
全家中和新漳和店,222463806,新北市中和區中和路２４號１樓,55342,25.0018114,121.4996953
全家中和中和店,232338551,新北市中和區中和路４８０號１Ｆ,10648,25.0041427,121.5126412
全家中和中安店,229256006,新北市中和區中安街１９２號,10814,24.9990969,121.5113141
全家中和中鼎店,229294187,新北市中和區中安里中安街８０號一樓,15959,25.0019929,121.5121856
全家中和中環店,222267465,新北市中和區中山路三段１１１號１樓,15451,25.0058907,121.4747472
全家中和環球店,232349461,新北市中和區中山路三段１２０之１１號,12894,25.0083403,121.473636
全家中和中漢店,222239355,新北市中和區中山路三段１４６－２號,50946,25.0066945,121.4736931
全家中和勝鴻店,282451477,新北市中和區中山路二段２巷４５弄１號１樓,52373,25.0068413,121.5024845
全家中和威利店,222474176,新北市中和區中山路二段２９１號１樓,60551,25.0018849,121.4957431
全家中和元氣店,222256901,新北市中和區中山路３段３９號２樓,14133,25.005313,121.477696
全家中和和興店,222446249,新北市中和區中正路１１號，１３號,11379,24.9932931,121.5029951
全家中和德民店,222214027,新北市中和區中正路１１８６號１樓,54986,25.010317,121.4807204
全家中和鎮順店,222427811,新北市中和區中正路１６７巷１６號、１８號１樓,52318,24.9927524,121.4981916
全家中和力行店,222435392,新北市中和區中正路２４２號,50042,24.9941414,121.4960237
全家中和國華店,232343009,新北市中和區中正路８６８－１號,19408,25.005894,121.4842808
全家中和巴黎店,222407145,新北市中和區中興街２３５巷１號,14283,24.9896544,121.5007844
全家中和仁義店,229484666,新北市中和區仁愛街３６號,18806,24.988332,121.510907
全家中和佳和店,222450773,新北市中和區佳和里中山路二段１３２號、１３４號１樓,11376,25.0034607,121.5023034
全家中和保健店,229444222,新北市中和區保健路１７號,11433,24.9982409,121.5080883
全家中和水源店,282459519,新北市中和區保平路３２０號、３２２號,50305,25.0044067,121.507272
全家中和南勢角店,289412772,新北市中和區南山路３９９巷１０號１樓,14461,24.9904674,121.5071434
全家中和勝華店,222425933,新北市中和區南華路６７號壹樓,56490,24.9973646,121.5046943
全家中和平興店,229431824,新北市中和區和平街２０號,19031,24.9901784,121.5099135
全家中和和平店,229444304,新北市中和區和平街５６號１樓；５４巷１弄１號１樓,11380,24.9908615,121.5085295
全家中和新慶店,282217342,新北市中和區員山路１３７號１樓,51461,24.996102,121.480914
全家中和員山店,222267296,新北市中和區員山路３２５之４號、之５號１樓,10050,25.0008676,121.4812104
全家中和員科店,222221264,新北市中和區員山路５０４之１號１樓,60255,25.0082527,121.4795978
全家中和員慶店,222236924,新北市中和區員山路７３號一樓,56681,24.9939681,121.4807006
全家中和興國店,229635114,新北市中和區國光街１０４號１樓,52448,25.0004937,121.4702185
全家中和安邦店,222460866,新北市中和區圓通路１６９號,11573,24.9952489,121.4977101
全家中和圓峰店,222433191,新北市中和區圓通路２２６號１樓,54037,24.9930624,121.4951929
全家中和圓通店,222454902,新北市中和區圓通路３０７之５號,10520,24.9907961,121.493319
全家中和凌雲店,222427725,新北市中和區圓通路３６７巷２號,18708,24.9893961,121.491285
全家中和錦順店,222426992,新北市中和區圓通路３９５號１樓,52618,24.9890207,121.489533
全家中和民德店,229640401,新北市中和區壽德里壽德街２６號１樓,12294,24.9943416,121.4665053
全家中和仁勇店,229400962,新北市中和區大勇街２０號１樓,53483,24.9928806,121.5173402
全家中和安樂店,229400326,新北市中和區安樂路８１號,50943,24.9943037,121.5127597
全家中和廣場店,282278301,新北市中和區平河里中正路７１２號一樓,15912,24.9970274,121.4859807
全家中和南中店,222464585,新北市中和區廣福路６２號１樓,51609,25.0019182,121.5035483
全家中和圓順店,222289923,新北市中和區建一路１４１號,50217,25.0007357,121.4882435
全家中和遠建店,282272991,新北市中和區建一路１７６號１樓,12613,24.9972744,121.4879325
全家中和建新店,282263686,新北市中和區建八路２８號１樓,54115,24.9982871,121.4873215
全家中和和連店,282457861,新北市中和區建和里連城路２６５巷１號一樓,12991,24.9962635,121.4914861
全家中和秀欣店,222432645,新北市中和區復興路２６７號１樓及地下室,60359,24.9901752,121.5025637
全家中和中興店,282423542,新北市中和區復興里中興街１１１號，１１３號,12087,24.992253,121.500015
全家中和德穗店,289526580,新北市中和區德光路２４．２６號１樓,16634,25.0044495,121.4708378
全家中和鑫發店,229434443,新北市中和區忠孝街１０５號,59037,24.9864777,121.511902
全家中和新忠店,229425376,新北市中和區忠孝街２７號１樓,51816,24.9829918,121.5103868
全家中和新生店,232342883,新北市中和區新生街１３２號,11044,25.0011002,121.4834879
全家中和新正店,222263432,新北市中和區新生街１９０號１樓,52742,24.9995178,121.4836209
全家中和新中穗店,222253237,新北市中和區新生街８號１樓,55452,25.0045843,121.483079
全家中和捷勝店,222426396,新北市中和區景安路１２８號１樓,58388,24.9945399,121.5051069
全家中和摩天店,289423447,新北市中和區景平路１８２號１樓,12640,24.9924086,121.5164034
全家東森一號店,289434426,新北市中和區景平路２５８號１樓,62127,24.9927011,121.5151204
全家中和景會店,222424705,新北市中和區景平路４３３號１樓,50092,24.9957696,121.5009102
全家中和景平店,289422184,新北市中和區景平路４７８號,11240,24.9937212,121.505272
全家中和勝平店,222474417,新北市中和區景平路５１７、５１９號１樓,12803,24.9988407,121.4991432
全家中和福真店,222469262,新北市中和區景平路７０１、７０１之１號２樓,15241,25.0034401,121.4963704
全家中和景秀店,286680018,新北市中和區景平路７１—２號,11024,24.9913149,121.5193012
全家中和福中店,222460574,新北市中和區景平路７１０號１號,61445,25.0026397,121.496846
全家中和朕新店,229426294,新北市中和區景德街１２４號１樓,53328,24.9911045,121.5145429
全家中和景明店,229466803,新北市中和區景新街２１２號１樓,55781,24.995151,121.50705
全家中和新平店,289411655,新北市中和區景新街２６５、２６７號,12659,24.9939893,121.5088887
全家中和雙捷店,289417765,新北市中和區景新街４６８號,57923,24.9872662,121.5135727
全家中和景欣店,229439032,新北市中和區景本里景新街３８５號，３８５號之１,11866,24.9902202,121.5124901
全家中和橋安店,222424182,新北市中和區橋和路１２０號,19159,25.00566,121.49224
全家中和橋和店,222445415,新北市中和區橋和路１５２號，１５６號,11558,25.006111,121.494073
全家中和嘉穗店,222221242,新北市中和區民利街９１號１樓,53129,24.9978978,121.4779093
全家中和國院店,222213432,新北市中和區民安街５１號１樓,50380,25.0000149,121.4796341
全家中和光明店,289535241,新北市中和區民生街８５巷２弄１號１樓,52825,25.0044641,121.4689363
全家中和福美店,222435180,新北市中和區永和路７４號１樓,51460,25.0052301,121.4979148
全家中和永貞店,229288350,新北市中和區永貞路２４４號,10378,25.003874,121.514287
全家中和漢陽店,222230343,新北市中和區瑞穗里中山路三段１７２號１樓,16021,25.0064707,121.4728251
全家中和萊陽店,282456393,新北市中和區瓦嗂里光華街１號３號一樓,15567,25.0048103,121.5039073
全家中和新福祥店,222421670,新北市中和區福祥路４２號,63130,25.0039407,121.4995189
全家中和新秀店,229426524,新北市中和區秀朗路三段４４號１樓,52255,24.9958097,121.5263669
全家中和秀山店,289421005,新北市中和區立人街６５號，６７號,11076,24.9941509,121.520053
全家中和德勝店,222286849,新北市中和區立德街１５０號１樓,60497,25.0086632,121.4862239
全家中和建業店,222224223,新北市中和區立德街１８９號１樓,18709,25.0091007,121.4848575
全家中和秀吉店,229412382,新北市中和區自立路１７號,59620,24.9959893,121.5223999
全家中和大智店,229494154,新北市中和區自立路３６號１樓及地下室,61511,24.9926692,121.5226672
全家中和新興店,229427198,新北市中和區興南路二段３６號,10927,24.98541,121.5067384
全家中和南興店,229420466,新北市中和區興南路二段５號,18989,24.98639,121.5081484
全家中和烘爐店,229468782,新北市中和區興南路２段１２０號１樓,57717,24.9838478,121.5044145
全家中和自強店,232346883,新北市中和區莒光路１３１號,11298,25.0017894,121.472665
全家中和莒城店,222230924,新北市中和區莒光路１８１號,51145,24.9991039,121.472795
全家中和華隆店,229414221,新北市中和區華新街１０９巷１－３號,50998,24.9824309,121.509098
全家中和華夏店,229479070,新北市中和區華新街２０２號，２０４號,11584,24.9819561,121.5066433
全家中和華樹店,229493985,新北市中和區華新街５５號１樓,56133,24.9844238,121.5080273
全家中和華福店,229506983,新北市中和區華順街１１７號，１１９號,10976,24.9966576,121.4653881
全家中和華順店,229542123,新北市中和區華順街５９號１樓,12907,24.9984278,121.4664427
全家中和安勝店,222430244,新北市中和區連勝街５９號,50568,24.9972115,121.4978029
全家中和連勝店,222490286,新北市中和區連城路２３１號１樓及２樓,11557,24.9973638,121.4940578
全家中和世紀店,282278716,新北市中和區連城路２６８之１號１樓,14458,24.9966373,121.4864578
全家中和連福店,232347896,新北市中和區連城路３９１號，３９３號,11790,24.9960974,121.4864381
全家中和新后店,222216706,新北市中和區連城路４６９巷２３號１樓,53405,24.9950103,121.4836705
全家中和連新店,232346707,新北市中和區連城路５２１之１號１樓,55031,24.9951449,121.481989
全家中和錦中店,222458753,新北市中和區錦中里錦和路３５６號１樓,12578,24.9911661,121.4905436
全家中和錦福店,282453548,新北市中和區錦和路９５號１樓,54485,24.9956057,121.4901217
全家五股五權店,222984246,新北市五股區五工五路３４號,14290,25.0662264,121.4504411
全家五股六福店,222931649,新北市五股區五福路７０號１樓,14279,25.0900689,121.4330915
全家五股五福店,282957618,新北市五股區五福里五福路２４號,10985,25.088941,121.4341955
全家五股新凌雲店,222953163,新北市五股區凌雲路一段７９號一樓,63161,25.1011413,121.4508542
全家五股維興店,289813796,新北市五股區四維路７８號．８０號１樓,16750,25.0729712,121.4674826
全家五股新工商店,222952430,新北市五股區工商路８７號１樓,60982,25.0850818,121.4379348
全家五股蓬萊店,282921512,新北市五股區成泰路一段２３５－１１號１樓及Ｂ１,52626,25.0800727,121.4363906
全家五股水碓店,222977124,新北市五股區成泰路一段７巷２１號、２３號１樓,16359,25.0670862,121.4323189
全家五股成泰店,222931703,新北市五股區成泰路三段５７７巷１３８號１樓,12917,25.1043442,121.447656
全家五股青水店,282923238,新北市五股區成泰路四段１６號１樓,56466,25.1066714,121.4536043
全家五股新五店,222953177,新北市五股區新五路三段２５號１樓部份,57853,25.0896169,121.4452576
全家五股洲子洋店,222953856,新北市五股區新城八路７２號１樓,56882,25.0893997,121.4469587
全家五股新五義店,222939726,新北市五股區民義路一段１０９號１樓,51781,25.086374,121.433946
全家五股民義店,222942736,新北市五股區民義路二段１６號１樓,12390,25.096561,121.420722
全家五股登科店,222931643,新北市五股區登林路７６之９號１樓,55853,25.069568,121.4297906
全家五股貿商店,222936597,新北市五股區自強路１５４號１樓,14152,25.0702821,121.4320866
全家五股自強店,282921942,新北市五股區自強路７４號１樓,52110,25.0731893,121.4329986
全家五股高亞店,229844397,新北市五股區興珍里中興路一段１４２號１４２之１號一,15697,25.0738031,121.4649375
全家五股芳洲店,222953094,新北市五股區芳洲一路３８號１樓＆２樓,57243,25.0857203,121.4440942
全家五股御雲店,222931757,新北市五股區西雲路２號１樓,50452,25.0897601,121.4426885
全家五股金雲店,222952906,新北市五股區西雲路２０８號１樓,56943,25.0957234,121.4479183
全家八里龍王店,226101008,新北市八里區中山路一段１３１號１樓,57646,25.159209,121.413343
全家八里中廣店,229040262,新北市八里區中山路二段２７６號１樓,60726,25.1510508,121.4049371
全家八里華城店,286304933,新北市八里區中華路二段３０６號１樓,50082,25.1485876,121.4038767
全家八里中華店,286303476,新北市八里區中華路二段４６８號１樓,56467,25.1461539,121.4007052
全家八里廖添丁店,226101005,新北市八里區中華路３段１７號１樓,57641,25.1433509,121.3969083
全家八里船頭店,286304308,新北市八里區渡船頭街１號,11108,25.1584949,121.4347078
全家八里左岸店,226192618,新北市八里區觀海大道３７號１樓,61847,25.1607325,121.4295305
全家八里富塘店,286303914,新北市八里區訊塘路６２號１樓,18967,25.1457706,121.3978002
全家八里龍米店,226187522,新北市八里區龍米路一段２２２號１樓,54921,25.1285752,121.4519641
全家土城新德店,222644631,新北市土城區中央路一段２４８之２號,51217,24.9847779,121.444426
全家土城德興店,222703829,新北市土城區中央路一段４３號,60612,24.9904471,121.4483014
全家土城大安店,222690923,新北市土城區中央路三段１８７號,19131,24.9647925,121.4309606
全家土城欣隆店,222683967,新北市土城區中央路三段２８３號１樓,10821,24.9632961,121.42649
全家土城永寧店,222694365,新北市土城區中央路三段７４－１號＆７４號１樓,18757,24.9673696,121.4363155
全家土城順風店,282612108,新北市土城區中央路二段１５４號,12335,24.9767469,121.441825
全家土城中源店,282623623,新北市土城區中央路二段２６０號１樓,53404,24.9746157,121.4414805
全家土城員仁店,282623135,新北市土城區中央路二段３０８號,50000,24.9732214,121.4404307
全家土城頂埔店,222674416,新北市土城區中央路四段２６２號１樓,50269,24.9569388,121.4147973
全家土城鴻海附店,222689435,新北市土城區中央路四段５３－１號１樓,18727,24.9585857,121.4180258
全家土城頂運店,222671054,新北市土城區中央路四段７０號１樓,54252,24.9599143,121.4192983
全家土城恆山店,222684232,新北市土城區中央路４段２８１號１樓,16680,24.9534793,121.4123699
全家土城工業店,222678853,新北市土城區中山路６１號１樓,57045,24.9638523,121.4245651
全家土城大道店,222616909,新北市土城區中華路一段３１號,58572,24.9887713,121.446241
全家土城新亞店,222697840,新北市土城區亞洲路５７號,50271,24.97116,121.4333609
全家土城行政店,282618798,新北市土城區和平路１０－２號１樓,57949,24.9741079,121.442512
全家土城中央店,222741563,新北市土城區員林里中央路二段８９號,10626,24.978034,121.4422504
全家土城學心店,282731491,新北市土城區學士路１６１號一樓,63051,24.9801163,121.4507235
全家土城學士店,282731487,新北市土城區學士路２６號一樓,63050,24.9823526,121.4530243
全家土城廣福店,222738441,新北市土城區學府路一段１６２號,10454,24.9869354,121.4542007
全家土城新學店,282624507,新北市土城區學府路一段１８７號１樓,51462,24.9850525,121.4524669
全家土城海山店,222647851,新北市土城區學府路一段２９４號,10354,24.982652,121.4495374
全家土城美仁店,282614954,新北市土城區學府路２段２１號１樓,16772,24.9815866,121.449311
全家土城學林店,282620694,新北市土城區學成路３６號１樓,53128,24.9873844,121.4526208
全家土城廣義店,289674909,新北市土城區廣明街４９號,60357,24.993305,121.4551384
全家土城廣興店,222647450,新北市土城區廣興里學府路一段１００號,12265,24.9880137,121.456036
全家土城峰吉店,222628864,新北市土城區延吉街１５９號１樓,52914,24.9860159,121.4701449
全家土城吉美店,222602720,新北市土城區延吉街２３９號１樓,57621,24.984914,121.467935
全家土城吉城店,222700166,新北市土城區延吉街８０號１樓,58900,24.9865573,121.4708862
全家土城冠延店,222622680,新北市土城區延和路１１１號,11403,24.9903684,121.46787
全家土城德清店,222628154,新北市土城區明德路一段１０３號１樓,54611,24.9827049,121.4656946
全家土城義鴻店,222733196,新北市土城區明德路一段３１１號１樓,12581,24.9770241,121.4595999
全家土城明城店,222705842,新北市土城區明（上山＋下夆）街２０號１樓＋Ｂ１,62726,25.0020251,121.6155016
全家土城永豐店,282732850,新北市土城區永豐路１９５號,61865,24.9780482,121.4712629
全家土城寬樺店,282733720,新北市土城區清和里青雲路３８２號、３８４號,11488,24.9731615,121.4586946
全家土城仁愛店,222611306,新北市土城區清水路１６６號,10288,24.9814548,121.4597706
全家土城城堡店,222743213,新北市土城區福仁街５０巷１號,15357,24.9750835,121.439516
全家土城金福店,222695639,新北市土城區福安街１號１－３樓全棟,54336,24.9651243,121.4203474
全家土城福祥店,282615458,新北市土城區福祥街４６號一樓,11642,24.9809959,121.44136
全家土城虎躍店,222695054,新北市土城區自由街２號１樓,60418,24.9661064,121.421374
全家土城莊園店,282733441,新北市土城區莊園街１００號＋１０２號１樓（配送用）,63063,24.9820137,121.4459276
全家土城裕成店,282732092,新北市土城區裕民路２１０號,62431,24.9844391,121.4533281
全家土城學富店,222641614,新北市土城區裕民路６９號１樓,54028,24.9878212,121.449656
全家土城海裕店,222622604,新北市土城區裕民路９２巷２２弄３號１樓,51238,24.9862329,121.4496277
全家土城御昇店,222629626,新北市土城區裕生路１２號１樓,53921,24.9876264,121.4482344
全家土城裕勝店,222623307,新北市土城區裕生路５７號１．２樓,19739,24.9863497,121.4478343
全家土城香榭店,222645031,新北市土城區金城路三段１０號１樓,55116,24.9859865,121.4648557
全家土城大城店,282620927,新北市土城區金城路三段１４１號１樓＆地下一樓,56301,24.9883273,121.4683168
全家土城立雲店,222643909,新北市土城區金城路二段２５８之５號,19273,24.983312,121.4573101
全家土城青水店,222707634,新北市土城區青仁路３２號１樓,57002,24.9790635,121.4604867
全家土城雲陽店,222740328,新北市土城區青雲路１８５號１樓,14466,24.9825651,121.4593777
全家土城青雲店,222743769,新北市土城區青雲路４２號，４４號,11764,24.9882709,121.4597115
全家土城龍山店,282618609,新北市土城區龍山一街１７號,60555,24.9770256,121.4475275
全家坪林順益店,226657521,新北市坪林區水柳腳路１３３號,19023,24.9353168,121.7096115
全家平溪平安店,224951706,新北市平溪區石底街５３號,52037,25.0248314,121.7408654
全家平溪十分店,224959087,新北市平溪區靜安路三段３３１號,58161,25.0438722,121.7789788
全家新店三富店,286659629,新北市新店區三民路１４１號１樓,63650,24.9726006,121.5341636
全家新店鑫民店,229188975,新北市新店區三民路８１號１樓,62432,24.971566,121.5358101
全家新店福民店,222194351,新北市新店區中央路１４５號,50170,24.9733164,121.5302575
全家新店新中央店,222197580,新北市新店區中央路６３號,19309,24.9771154,121.5326798
全家新店溪園店,282189189,新北市新店區中山里溪園路３８９號一樓,10134,24.9791411,121.523593
全家新店華盛店,286658387,新北市新店區中正路１４３號１樓,60253,24.9715023,121.5415648
全家新店正民店,229137185,新北市新店區中正路２２４號,55747,24.9728301,121.5402357
全家新店中欣店,229156887,新北市新店區中正路３號,52259,24.969198,121.5457161
全家新店正中店,222195702,新北市新店區中正路３６６號,55395,24.976228,121.5352166
全家新店新百合店,222199017,新北市新店區中正路４０４號,54168,24.9776081,121.5345935
全家新店中盛店,286673532,新北市新店區中正路４９３－２號１樓,56910,24.982918,121.533504
全家新店莊敬店,282193280,新北市新店區中正路５２３號,53264,24.9851837,121.5333566
全家新店五豐店,289145746,新北市新店區中正路５９號,56352,24.9698874,121.5442063
全家新店大鵬店,222184729,新北市新店區中正路６９８號,50005,24.9905281,121.5342133
全家新店新寶安店,229157211,新北市新店區中興路三段２０９號,19669,24.9817711,121.5435838
全家新店鑫峰店,229184798,新北市新店區中興路１段２８２號１樓,61927,24.9585377,121.5386808
全家新店富強店,289145943,新北市新店區中興路３段１５６號,51486,24.9806445,121.5446382
全家新店中華店,286658913,新北市新店區中華路５０號,10872,24.968555,121.539679
全家新店慶民店,289193666,新北市新店區二十張路３號,11954,24.9824479,121.540052
全家新店僑信店,222143950,新北市新店區僑信路２０號１樓,53219,24.9523518,121.4996673
全家新店光盛店,289147282,新北市新店區光明街１８１號１樓,57925,24.96307,121.5398303
全家新店站前店,229147259,新北市新店區北宜路一段６號,50032,24.9577382,121.5379035
全家新店長春店,282171585,新北市新店區北宜路二段１４９號１樓,12900,24.9532552,121.5517643
全家新店北宜店,222171961,新北市新店區北宜路二段１８號１樓＋地下室,59032,24.9516014,121.5479076
全家新店美譚店,222171398,新北市新店區北宜路二段４１９號,19177,24.954511,121.560332
全家新店新華店,229124931,新北市新店區北新路一段２８７號１樓＋２樓,60252,24.9671169,121.541003
全家新店行政店,289146697,新北市新店區北新路一段８８巷１２號３樓,60221,24.9671774,121.5424722
全家新店忠誠店,229158815,新北市新店區北新路二段１１９號１樓,11829,24.9749765,121.542739
全家新店七張站店,286657572,新北市新店區北新路２段１５０－１號,52045,24.9751965,121.5431453
全家新店金采店,289146548,新北市新店區北新路３段２１３號旁壹樓部份（如附圖）,51778,24.9857782,121.539944
全家新店新豐店,229158240,新北市新店區大豐路１０號１樓,60986,24.9804296,121.5412165
全家新店公宅店,222187268,新北市新店區央北二路３９８號,60203,24.981963,121.5263887
全家新店如意店,222101261,新北市新店區如意街２９號１樓,14456,24.9481638,121.4941755
全家新店城泰店,222143601,新北市新店區安康路三段３１１號１樓,14158,24.9514314,121.4857113
全家新店永安店,286661942,新北市新店區安康路二段１５７號,12677,24.9594379,121.5105018
全家新店德安店,286663307,新北市新店區安康路二段３０３號,11434,24.9573712,121.5022695
全家新店康橋店,222140466,新北市新店區安康路３段７３８號、７４０號１樓,16344,24.9420702,121.4736881
全家新店德順店,222121692,新北市新店區安德街１２０巷６號,19853,24.960752,121.508989
全家新店康德店,222121574,新北市新店區安德街７１巷２號、４號１樓,16432,24.9615234,121.5103138
全家新店陽光店,286665549,新北市新店區安忠路５７巷１０號１樓,15247,24.9591906,121.5132991
全家新店安民店,286662484,新北市新店區安民街１號１樓,12773,24.9640083,121.515113
全家新店安順店,222121274,新北市新店區安民街１９２號１樓,52687,24.9715241,121.5171941
全家新店襄陽店,282151522,新北市新店區安祥路１０４－１０號,16865,24.9622768,121.4792161
全家新店香坡店,222005350,新北市新店區安祥路１１３號，１１５號,11969,24.9568384,121.4752265
全家新店寶中店,229117614,新北市新店區寶中路７７號,10494,24.9806961,121.5475344
全家新店橋興店,289192388,新北市新店區寶橋路２３５巷１２９號,14433,24.983697,121.5512087
全家新店新寶工店,289145941,新北市新店區寶橋路２３５巷８號,51541,24.980223,121.5517912
全家新店新寶橋店,229122431,新北市新店區寶橋路５１號１，２樓,54983,24.9748314,121.5448534
全家新店寶興店,286654892,新北市新店區寶橋里寶橋路８０號一樓,15723,24.9754395,121.5463548
全家新店統寶店,289147339,新北市新店區寶興路４７號,55188,24.9733645,121.549425
全家新店光明店,286654542,新北市新店區廣明里７鄰光明街１３６號１樓,12298,24.9612629,121.5392716
全家新店江陵店,222190529,新北市新店區建國路２１９號,10294,24.9810357,121.5375212
全家新店慈濟店,282192878,新北市新店區建國路２８９號Ｂ１慈濟醫院大愛美食坊,11121,24.9860392,121.5358123
全家新店德正店,229126411,新北市新店區德正街２７巷１號,11827,24.9715809,121.5445206
全家新店新文強店,229107458,新北市新店區文化路１７號,56113,24.9795755,121.543069
全家新店新安店,229403474,新北市新店區新和街６０號１樓,61763,24.9853193,121.5199824
全家新店鑫碧潭店,286657744,新北市新店區新店路２１１號,59235,24.9570312,121.5370683
全家新店龜山店,226666253,新北市新店區新烏路三段１４４號１樓,52617,24.9028854,121.5520336
全家新店健民店,229162699,新北市新店區明德路６９巷２８號,52504,24.9776344,121.5402868
全家新店民德店,289113923,新北市新店區民族路６號,50418,24.9789683,121.541837
全家新店新民族店,229137896,新北市新店區民族路９７號１樓＋地下室,52420,24.9775211,121.5386543
全家新店民權店,286673437,新北市新店區民權路１０５號１樓,14150,24.982737,121.5368124
全家新店復興店,222184982,新北市新店區民權路１３２號１樓,58336,24.9829232,121.5348091
全家新店寶元店,229156106,新北市新店區民權路１９號,11135,24.982707,121.542014
全家新店民佳店,286658005,新北市新店區民權路７２號,14266,24.9831114,121.5382355
全家新店新和店,229413706,新北市新店區永安街８１號１樓,51955,24.9867714,121.5198724
全家新店安和店,229475039,新北市新店區永平街８９號１樓,10557,24.9856416,121.5163116
全家新店皇家店,229499704,新北市新店區永平里永平街２７號一樓,15729,24.9834869,121.5167933
全家新店永業店,229131378,新北市新店區永業路８１巷１弄１號,10930,24.9493653,121.529805
全家新店鑫泉店,286677615,新北市新店區溪園路４０１號,19478,24.9776372,121.5239293
全家新店玫瑰店,222103956,新北市新店區玫瑰路５８巷１號１樓,14138,24.9464346,121.4954398
全家新店涵碧店,222124064,新北市新店區碧潭路３７號,60110,24.95636,121.534118
全家新店新陽店,226669640,新北市新店區粗坑里花園一路一段２號一樓,15728,24.9341568,121.551054
全家新店順安店,289193423,新北市新店區順安街５７號,61057,24.9862684,121.5405745
全家新莊新中信店,289927949,新北市新莊區中信街４１號１樓,51872,25.0506933,121.4500999
全家新莊福前店,285218649,新北市新莊區中原東路５６號１樓,58475,25.0545852,121.4639314
全家新莊中原店,289920047,新北市新莊區中原路２９７號,11404,25.05422,121.447695
全家新莊福壽店,229908643,新北市新莊區中原路４５號,10558,25.0542179,121.4582137
全家新莊中環店,229906924,新北市新莊區中和街１５５巷２號１樓＋２樓部分,50043,25.04994,121.447293
全家新莊和運店,229907549,新北市新莊區中和街１７號１樓,57219,25.0435168,121.4480697
全家新莊副都店,285218124,新北市新莊區中央路４３７號１樓,58199,25.0579598,121.4478903
全家新莊中央店,285219448,新北市新莊區中央路５５８號１樓,59259,25.0589369,121.4488983
全家新莊新幸福店,229969520,新北市新莊區中平路１８４巷１０弄７號１樓,51470,25.0483395,121.4452691
全家新莊狀元店,229984996,新北市新莊區中平路２６８號,10879,25.050131,121.4449228
全家新莊新中平店,229966949,新北市新莊區中平路２９０號１樓,61262,25.0513012,121.4450376
全家新莊忠承店,229906231,新北市新莊區中平路３７７巷２號１樓,62209,25.0526555,121.4443221
全家新莊中悅店,285215084,新北市新莊區中平路４００號１樓,60118,25.054109,121.4447822
全家新莊中永店,289920165,新北市新莊區中平路６６號,11919,25.0444599,121.4450087
全家新莊中榮店,229983442,新北市新莊區中榮街８４號,11589,25.0528861,121.4481512
全家新莊新建店,229013769,新北市新莊區中正路新建巷４０號１樓,51469,25.0214545,121.4145494
全家新莊新正店,229900756,新北市新莊區中正路２６１號全部,61497,25.0354016,121.449859
全家新莊福海店,222038885,新北市新莊區中正路４０１號,11846,25.0343857,121.4452831
全家新莊龍鳳店,229017635,新北市新莊區中正路７２９號,50272,25.0287761,121.422867
全家新莊安和店,229036055,新北市新莊區中正路８２９巷２２弄１號,12131,25.0271078,121.4215784
全家新莊迴龍店,229011240,新北市新莊區中正路８９５－２６號１樓,55189,25.0218627,121.4121451
全家新莊新和港店,229938945,新北市新莊區中港一街１４３號,10402,25.0449842,121.4478654
全家新莊中港店,229944832,新北市新莊區中港路１２６號,10544,25.040333,121.4553924
全家新莊中美店,222796927,新北市新莊區中港路４１３＆４１５號１樓,14479,25.047368,121.452065
全家新莊華運店,289921279,新北市新莊區中華路一段６７號１樓＋地下室,60553,25.0397657,121.4520584
全家新莊華寧店,229946014,新北市新莊區中華路１段８號１樓,14469,25.0363397,121.4519024
全家新莊首富店,229902685,新北市新莊區中華里中華路二段５號,12393,25.0453216,121.4535461
全家新莊五工店,222988045,新北市新莊區五工路７０號１樓＋Ｂ１,62569,25.063645,121.4578941
全家新莊五權店,222980962,新北市新莊區五權一路３６號１樓＆２樓,60790,25.0653965,121.4575476
全家新莊新德勝店,222014708,新北市新莊區八德街１３５號,53168,25.0202081,121.4238393
全家新莊八德店,222014759,新北市新莊區八德街１５巷２號，１７號,10523,25.0223544,121.4254662
全家新莊泰園店,229757564,新北市新莊區公園一路１０３號１樓,59493,25.0380889,121.4446913
全家新莊新市店,285212417,新北市新莊區化成路４３１巷７６號,54920,25.0599021,121.4625903
全家新莊福成店,229948672,新北市新莊區化成路５５２號１樓及地下室,54648,25.0538015,121.4663738
全家新莊樹成店,285214163,新北市新莊區化成路７３８號,56192,25.0574502,121.4656915
全家新莊維新店,222041652,新北市新莊區四維路１４７號１樓,50361,25.022153,121.422773
全家新莊德祐店,222083680,新北市新莊區四維路１５０巷９號１樓,50510,25.0233568,121.4222498
全家新莊新雙鳳店,229011246,新北市新莊區天祥街２號,53791,25.0268245,121.4175515
全家新莊天祥店,229013468,新北市新莊區天祥街２９號１樓,61163,25.0281596,121.4172202
全家新莊天美店,229030732,新北市新莊區天祥街４２號１樓,14524,25.028899,121.416918
全家新莊金富店,222023655,新北市新莊區富國路１７６巷７號１樓,50976,25.0240746,121.4242911
全家新莊昌盛店,222764464,新北市新莊區幸福里昌盛街６７號一樓,12558,25.0500424,121.4549343
全家新莊建中店,222779137,新北市新莊區建中街１１８號、１２０號、１２２號,11804,25.0366388,121.445636
全家新莊學輔店,229018239,新北市新莊區建國一路２號,18879,25.0320754,121.4334199
全家新莊建國店,229081905,新北市新莊區建國一路４９號１樓右半,14176,25.0306852,121.4344377
全家新莊建興店,222015482,新北市新莊區建安街１８號１樓,12458,25.0263664,121.4286654
全家新莊建安店,222044299,新北市新莊區建安街４２號,11078,25.0250024,121.4275466
全家新莊新園寧店,229949325,新北市新莊區建興街１０１號,52301,25.0393647,121.4496539
全家新莊新建明店,222048981,新北市新莊區後港一路４８號１樓,52392,25.0261523,121.4259186
全家新莊北醫店,229944981,新北市新莊區思源路１２７號,52848,25.0429446,121.4594267
全家新莊宏匯店,285213845,新北市新莊區思源路５５５號１樓,61745,25.058357,121.4595736
全家新莊新頭前店,285219644,新北市新莊區思源路５９７號１樓,61263,25.0598333,121.4593392
全家新莊天成店,229018545,新北市新莊區新北大道七段２１９號,14414,25.0301496,121.4137779
全家新莊城邦店,285216513,新北市新莊區新北大道三段７號１樓,57645,25.060225,121.458193
全家新莊通樹店,222043156,新北市新莊區新樹路２８８號１樓,58641,25.0118563,121.4324974
全家新莊新樹店,222075970,新北市新莊區新樹路６１３號１樓,16789,25.0038272,121.4336822
全家新莊新泰店,229972384,新北市新莊區新泰路１４６號,10854,25.0371756,121.4479012
全家新莊新立店,229922460,新北市新莊區新泰路２２５巷１號１樓,10990,25.0391547,121.4463951
全家新莊泰豐店,222026118,新北市新莊區新泰路３巷１號,57043,25.0322125,121.4496457
全家新莊金泰店,229902069,新北市新莊區新泰路３０５巷１號１樓,54826,25.0409218,121.4453033
全家新莊武廟店,229975613,新北市新莊區新莊路４３５號，４３５號之１,10396,25.0334823,121.4502313
全家新莊海山店,222042064,新北市新莊區新莊路７４１號１樓,10583,25.0328043,121.4430312
全家新莊新豐店,222020432,新北市新莊區新豐街１３號１樓,58897,25.0342767,121.4485341
全家新莊昌平店,229906374,新北市新莊區昌平街５０號,10514,25.0535867,121.4547874
全家新莊新明中店,229985116,新北市新莊區明中街１８號１樓,60554,25.0388039,121.4583008
全家新莊明志店,229014536,新北市新莊區明志路１９號１樓＆２樓,62799,25.0291471,121.4200405
全家新莊景德店,222064530,新北市新莊區景德路３８２號,11147,25.0335286,121.4461062
全家新莊光明店,222062208,新北市新莊區民安西路１９２號１樓,58926,25.0155435,121.4258971
全家新莊民和店,222049299,新北市新莊區民安西路２４７號１樓,50975,25.0135772,121.4261737
全家新莊安華店,229667664,新北市新莊區民安西路３２１號１樓＋２樓,59829,25.0112132,121.4277351
全家新莊富安店,222046753,新北市新莊區民安路２８５之１號,18786,25.0222788,121.4289199
全家新莊民本店,222032338,新北市新莊區民本街２３巷２號１樓,11833,25.0196865,121.428364
全家新莊瓊泰店,222049577,新北市新莊區瓊泰路７１號１樓,57947,25.028828,121.443094
全家新莊新福義店,229964281,新北市新莊區福壽街１３２號１樓,54337,25.0515524,121.4576943
全家新莊仁義店,229962848,新北市新莊區福壽街３８號１Ｆ,10882,25.0483711,121.4583456
全家新莊福祿店,289938193,新北市新莊區福壽街８１號１樓,15153,25.0499331,121.4580762
全家新莊福樂店,289923468,新北市新莊區福樂街３０號１樓,19458,25.0453823,121.4579438
全家新莊新工店,222989786,新北市新莊區福興里五工二路８１號一樓,15779,25.0661799,121.459728
全家新莊立信店,229982115,新北市新莊區立信一街１２號,19459,25.0495375,121.4440696
全家新莊自成店,229949824,新北市新莊區自信街２號１樓,14475,25.0481069,121.4533065
全家新莊自強店,289916578,新北市新莊區自強街２號,12374,25.0455084,121.4548176
全家新莊超級店,222045567,新北市新莊區莊崑路２５號１樓,57148,24.999586,121.4313535
全家新莊萬安店,222037583,新北市新莊區萬安街８０號,10199,25.0230623,121.4207568
全家新莊裕民店,229017969,新北市新莊區裕民街９７號１樓,14681,25.02326,121.4184687
全家新莊盛寧店,222030264,新北市新莊區西盛街１５１號１樓,14526,25.0182269,121.428391
全家新莊興盛店,222047033,新北市新莊區西盛街２３０號１樓,16264,25.0164376,121.4280502
全家新莊盛華店,222046755,新北市新莊區西盛街３９０號１樓,14682,25.0128385,121.4276878
全家新莊金豐店,222069828,新北市新莊區豐年街６６號１樓,50788,25.0315558,121.4463791
全家新莊豐盛店,222040213,新北市新莊區豐盛二街１１號１樓,62060,25.0003668,121.432364
全家新莊祥鳳店,229022674,新北市新莊區雙鳳路１０６號,19179,25.0283491,121.4140661
全家新莊三鳳店,229080840,新北市新莊區雙鳳路１３０號,54149,25.0280232,121.4130954
全家新莊正龍店,229046684,新北市新莊區龍安路９號１樓,58135,25.0226246,121.4147107
全家板橋振興店,289612085,新北市板橋區三民路一段３１巷８９弄３號,11148,25.023303,121.4817815
全家板橋富山店,289641541,新北市板橋區三民路一段９４號，９６號,11925,25.0216445,121.4791742
全家板橋天和店,229556108,新北市板橋區三民路二段１４０號１樓,56086,25.015973,121.479016
全家板橋長民店,229558365,新北市板橋區三民路二段１５３巷１－３號１樓＆Ｂ１,53534,25.0150261,121.4796206
全家板橋樂福店,229636100,新北市板橋區三民路二段２１巷６號１樓,52970,25.018091,121.479726
全家板橋居仁店,229596251,新北市板橋區三民路二段２４３號,61873,25.0125966,121.4791455
全家板橋長壽店,229572584,新北市板橋區三民路二段８３號,10924,25.0165572,121.4794387
全家板橋新光店,229550932,新北市板橋區中山路一段１４１－２號１樓,56230,25.0113328,121.4637209
全家板橋新府店,229510276,新北市板橋區中山路一段１６０－６號,61581,25.0119713,121.4664038
全家板橋新光仁店,289539335,新北市板橋區中山路二段２５號１－５樓,51813,25.0153152,121.4726156
全家板橋光復店,229643847,新北市板橋區中山路二段５０３號１樓,12224,25.0211187,121.4826235
全家板橋興隆店,289510091,新北市板橋區中山路二段９０巷１０號,62039,25.0159856,121.4753512
全家板橋花園店,229679720,新北市板橋區中正路一巷１４號１樓,56042,25.0117171,121.4552302
全家板橋大庭店,229670325,新北市板橋區中正路１９１號,10305,25.0169081,121.4563392
全家板橋美庭店,229607413,新北市板橋區中正路２１６巷２１號、２３號１樓,16297,25.0186111,121.4565953
全家板橋福德店,289697916,新北市板橋區中正路２５４號１樓,60183,25.0193853,121.4555816
全家板橋香社店,289658681,新北市板橋區中正路３２５巷２５號１樓,59348,25.0196113,121.4541306
全家板橋瑞安店,229677282,新北市板橋區中正路３９５號１樓,52545,25.0219619,121.4540571
全家板橋勝文店,282528693,新北市板橋區仁化街４６號及４６之１號１樓,16738,25.0316095,121.4752496
全家板橋文心店,222562587,新北市板橋區介壽街２０號１樓,59411,25.0200267,121.4675616
全家板橋干城店,229644958,新北市板橋區信義路２４３號１樓,56543,24.9910821,121.4601356
全家板橋信義店,229536686,新北市板橋區信義路７１號１樓,58838,24.9953328,121.4572442
全家板橋信陽店,229506920,新北市板橋區信義里信義路７２號一樓,15970,24.993421,121.4573928
全家板橋僑一店,229679685,新北市板橋區僑中一街１２４巷９弄１號,19427,25.0126486,121.4458611
全家板橋僑二店,289699174,新北市板橋區僑中二街１１６巷１號１樓,52946,25.0063468,121.4454971
全家板橋聯翠店,222559113,新北市板橋區光武街２２號壹樓,51998,25.0254003,121.4678675
全家板橋華東店,289660536,新北市板橋區南雅南路二段１４４巷１８號,61496,24.9958073,121.4506901
全家板橋大雅店,229649724,新北市板橋區南雅南路二段５號１樓,57478,25.002268,121.4542531
全家板橋湳雅店,229647980,新北市板橋區南雅南路二段９４號,60792,25.0014319,121.4534078
全家板橋新雅店,229655750,新北市板橋區南雅東路８號（代表號）１樓,54736,25.0060052,121.4549886
全家板橋宜宅店,229600030,新北市板橋區合宜路１２９號１樓,57479,24.9982939,121.4475526
全家板橋祝山店,222554105,新北市板橋區吳鳳路２１巷２號１樓,19217,25.0311583,121.4668139
全家板橋和平店,229535609,新北市板橋區和平路１００號,19426,24.9947364,121.4621435
全家板橋新遠店,289539873,新北市板橋區四川路一段３７１號１樓,51459,24.9995311,121.4583231
全家板橋川府店,229511412,新北市板橋區四川路一段６５號１樓,60076,25.0060518,121.4596645
全家板橋板川店,289674495,新北市板橋區四川路二段２４５巷７號１樓,53757,24.9933659,121.450814
全家板橋華德店,289676847,新北市板橋區四川路二段４７巷３弄４號１樓,52704,24.994582,121.4544085
全家板橋宏翠店,282572973,新北市板橋區四維路１００號１樓,53606,25.0244639,121.465767
全家板橋四維店,222542469,新北市板橋區四維路１８０號,10412,25.0266914,121.4644889
全家板橋互維店,222586320,新北市板橋區四維路２９３號１樓,56945,25.0283116,121.4631918
全家板橋勝維店,282570329,新北市板橋區四維路３１８號１樓,57236,25.0300855,121.4624323
全家板橋國泰店,229596571,新北市板橋區國泰街３７號１樓,18756,25.0065505,121.4685856
全家板橋大仁店,229660911,新北市板橋區大仁街１０８之１號,10355,25.0159609,121.4530603
全家板橋大勇店,222720109,新北市板橋區大仁街３６號,61921,25.0168299,121.4551771
全家板橋浮州店,222755855,新北市板橋區大觀路二段２６５巷１６號１樓,58498,24.9985794,121.4427557
全家板橋興安店,229672852,新北市板橋區大觀路二段３７巷３８號１樓,52068,25.0026184,121.4486198
全家板橋國民店,229572609,新北市板橋區實踐路１３２號１樓,14465,25.0026624,121.464294
全家板橋大東店,289698004,新北市板橋區府中路１２７號１樓,50303,25.009459,121.456065
全家板橋板農店,222723346,新北市板橋區府中路２９—１號１樓,12816,25.0086811,121.4587854
全家板橋廣和店,289518657,新北市板橋區廣福里廣和街７９號１樓,16066,24.9921479,121.4627871
全家板橋新富陽店,222750133,新北市板橋區復興街１３３號,62426,25.0181682,121.4609911
全家板橋江翠店,222525104,新北市板橋區懷德街１２７巷１號及３號１Ｆ,10685,25.0309673,121.4788968
全家板橋新翠店,222544470,新北市板橋區懷德街１２７巷２３弄７號１樓,53191,25.0316516,121.4793981
全家板橋懷聖店,222505214,新北市板橋區懷德街２０１巷２號,18653,25.0289929,121.4806753
全家板橋金鑽店,226750923,新北市板橋區成和里金門街２９號,12306,24.9941377,121.4335162
全家板橋新民店,222570742,新北市板橋區文化路一段１８８巷４２號１樓,12770,25.0189923,121.4667882
全家板橋傑仕堡店,222540391,新北市板橋區文化路一段１８８巷５７號１樓（配送用）,58349,25.0183097,121.4681669
全家板橋文化店,222544632,新北市板橋區文化路一段２８０號,10469,25.0211159,121.4672746
全家板橋漢西店,222548179,新北市板橋區文化路一段３１３號,63019,25.0216141,121.4639242
全家板橋新埔店,222518500,新北市板橋區文化路一段４２１巷４號１樓,59020,25.0228019,121.467322
全家板橋龍江店,282535436,新北市板橋區文化路二段１８２巷３弄９１，９３號１樓,16540,25.0290397,121.4724387
全家板橋立都店,222559171,新北市板橋區文化路二段２５９號１樓,55190,25.029051,121.471298
全家板橋興盛店,282589625,新北市板橋區文聖街１６１號１樓,53484,25.0274535,121.4790387
全家板橋板民店,229545946,新北市板橋區新民街３９號１樓,14454,25.0107899,121.4639105
全家板橋新農店,222538884,新北市板橋區新海路３２８，３３０號１樓,10841,25.0242199,121.4605124
全家板橋富貴店,222599157,新北市板橋區新海路４６２，４６４，４６６號１樓,10718,25.0284513,121.4576846
全家板橋新甫華店,222725443,新北市板橋區新生街２２號,63582,25.021114,121.4559459
全家板橋欣興店,229654269,新北市板橋區新興路１號１樓,54171,25.007121,121.456202
全家板橋松柏店,282520901,新北市板橋區松柏街１３號,11830,25.0296143,121.4741233
全家板橋松翠店,222542581,新北市板橋區松江街２５號１樓,58966,25.0267615,121.4686814
全家板橋板長店,229545602,新北市板橋區板新路９７＆９９號１樓,14462,25.0139762,121.4729193
全家板橋中勝店,222724924,新北市板橋區林園街２號,16637,25.0093981,121.4541128
全家板橋宜居店,289697435,新北市板橋區樂群路１５８號１樓,57951,24.9969985,121.4458371
全家板橋正隆店,229578305,新北市板橋區正泰里三民路二段正隆巷３４號一樓,15271,25.013613,121.4771998
全家板橋民族店,289510850,新北市板橋區民族路６１號,12383,25.008887,121.4651811
全家板橋公館店,229671852,新北市板橋區民權路２０２巷７弄１號１樓,59492,25.0147084,121.4600007
全家板橋懷治店,282529989,新北市板橋區民治街１１７號１樓,57791,25.0309278,121.4784273
全家板橋廣榮店,229648983,新北市板橋區民生路一段３３號１樓之１,61272,25.0120329,121.475698
全家板橋金富店,222541621,新北市板橋區民生路三段２７號１樓,54923,25.0241489,121.4669614
全家板橋金典店,229642035,新北市板橋區民生路二段１６之１號１樓＆夾層,54506,25.0166338,121.4730772
全家板橋文興店,222579434,新北市板橋區民生路二段２３０號１樓,52688,25.0221699,121.469112
全家板橋金巨蛋店,222573505,新北市板橋區民生路二段２５０號１樓及ｂ１,50379,25.023237,121.4685997
全家板橋運山店,289647745,新北市板橋區海山路３３號,16384,25.0091206,121.4674114
全家板橋溪崑店,226876563,新北市板橋區溪崑二街１３４、１３６、１３８號１樓,12817,24.9877747,121.4257229
全家板橋板崑店,226865706,新北市板橋區溪崑二街１６號,61339,24.9916411,121.4288022
全家板橋新都店,229649535,新北市板橋區漢生東路１５９號１樓,55357,25.0135278,121.468613
全家板橋新月店,229686480,新北市板橋區環河西路五段２１７號,61398,25.0269017,121.4533933
全家板橋大隆店,229533231,新北市板橋區福星里忠孝路５０號一樓,12968,25.0017838,121.4608443
全家板橋堂春店,226835266,新北市板橋區篤行路三段１號１樓,14317,24.9877253,121.4294305
全家板橋雙城店,229544584,新北市板橋區縣民大道二段１０６號１樓,14459,25.0153652,121.4671537
全家板橋觀光店,229550575,新北市板橋區縣民大道二段１９６號１樓,59172,25.0170479,121.4693588
全家板橋市民店,229641484,新北市板橋區縣民大道二段２２號Ｂ１,61115,25.013662,121.464705
全家板橋麗寶店,289682022,新北市板橋區縣民大道二段３號,59303,25.0123547,121.4619601
全家板橋雙子店,229649816,新北市板橋區縣民大道二段６６號１樓,54922,25.0124447,121.4632607
全家板橋東站店,229650450,新北市板橋區縣民大道二段７號,58566,25.0141549,121.4636257
全家板橋車站店,289693201,新北市板橋區縣民大道二段７號Ｂ１,58691,25.0142426,121.4636617
全家板橋英仕店,222599823,新北市板橋區英士路５４號１樓,55909,25.024907,121.461192
全家板橋萬板店,222546290,新北市板橋區莊敬路２２０巷１號１樓,55192,25.0212879,121.4726086
全家板橋莊敬店,222599622,新北市板橋區莊敬路８９號,62777,25.0263913,121.4728326
全家板橋莒安店,282536711,新北市板橋區莒光路１３１號,11889,25.0241049,121.4729144
全家板橋莒光店,222593060,新北市板橋區莒光路２２５，２２７號,10753,25.0224822,121.4742541
全家板橋禾原店,222587428,新北市板橋區莒光路２８巷１３號,60791,25.0238574,121.4699752
全家板橋益豐店,222577224,新北市板橋區莒光路３６號１樓,54431,25.0244389,121.470304
全家板橋華利店,222541201,新北市板橋區華江一路１５６號,63220,25.0353845,121.47407
全家板橋華興店,229524563,新北市板橋區華興街４１．４３號,10019,25.0046505,121.4578937
全家板橋華雅店,229551279,新北市板橋區華興街９０號,56537,25.005291,121.4567998
全家板橋富裕店,282529995,新北市板橋區裕民街１１號１樓,57950,25.0289277,121.4622691
全家板橋新裕店,282571571,新北市板橋區裕民街１３０號１及２樓,60824,25.0275025,121.4588118
全家板橋裕盛店,222581579,新北市板橋區裕民街９５號,11791,25.0279163,121.4601893
全家板橋貴興店,229597811,新北市板橋區貴興路４９－１號１樓,58555,25.0032487,121.4574583
全家板橋擎天店,229558982,新北市板橋區重慶路２４３號１樓,58220,25.0007175,121.4631837
全家板橋慶豐店,289535147,新北市板橋區重慶路２７８號１樓,54925,24.9996719,121.4630547
全家板橋板慶店,289539805,新北市板橋區重慶路２９０巷３號１樓,51081,24.9986433,121.4614837
全家板橋新慶店,229511914,新北市板橋區重慶路６０－１號１樓＆地下室,18966,25.0070182,121.4616903
全家板橋美華店,229657713,新北市板橋區金華街１０巷４８弄７８號１樓,53042,25.020349,121.4601084
全家板橋金園店,226837125,新北市板橋區金門街１２９號一樓,63335,24.9913892,121.4331497
全家板橋公園店,226753572,新北市板橋區金門街２０６＆２０８號１樓,16452,24.99026,121.4323428
全家板橋金成店,226855676,新北市板橋區金門街３１３號１樓,51401,24.986144,121.4298599
全家板橋白金店,226855960,新北市板橋區金門街３６６號１樓,57849,24.9840622,121.4272897
全家板橋金市店,226757155,新北市板橋區金門街８６號１樓（如附圖）,59067,24.992756,121.433051
全家板橋安東店,229514997,新北市板橋區長安街１３８巷１弄５０號１樓,19075,25.0100682,121.4739455
全家板橋新安店,229513527,新北市板橋區長安街２９７號,62380,25.0118946,121.4742162
全家板橋永安店,229645603,新北市板橋區長安街３３１巷９４號１樓,56536,25.0128612,121.4719491
全家板橋富安店,282571724,新北市板橋區長江路一段１００號１樓,53294,25.02938,121.4594
全家板橋新巨蛋店,282573052,新北市板橋區長江路一段４０３號,60870,25.0309096,121.4625151
全家板橋漢江店,222593499,新北市板橋區長江路二段１２０號１樓,56640,25.0315029,121.4655808
全家板橋江北店,282570100,新北市板橋區長江路二段３１３號１樓,59088,25.0334828,121.4710809
全家板橋華陽店,222585156,新北市板橋區陽明里陽明街８８、９０號一樓,15566,25.0229455,121.464383
全家板橋華江店,222554256,新北市板橋區雙十路三段５４號,10176,25.0314436,121.4709961
全家板橋雙十店,222546231,新北市板橋區雙十路二段６—８號，６—９號，６—１０,10036,25.0264124,121.4768502
全家板橋館西店,229655570,新北市板橋區館前西路１２８號,50787,25.0078507,121.4565759
全家板橋聚星店,229539549,新北市板橋區館前西路４號、４－１號１樓,52992,25.0072694,121.4591769
全家板橋新泉店,282573744,新北市板橋區龍泉街１２６號,51335,25.0240626,121.4571361
全家板橋德翠店,282573511,新北市板橋區龍泉街７８號,62192,25.0256179,121.4562218
全家板橋美堤店,229682151,新北市板橋區龍興街７１巷１號１樓,12964,25.0017913,121.4436579
全家林口洪福店,226061202,新北市林口區下福里１１鄰１４７號之１,51082,25.12821,121.35275
全家林口麗林店,226024790,新北市林口區中山路５２２號１樓,14270,25.0836316,121.37867
全家林口南林店,226010881,新北市林口區中山路５５５號,19178,25.0815722,121.380885
全家林口正林店,226019763,新北市林口區中正路１００號１樓,60686,25.0773399,121.3936077
全家林口中正店,226015562,新北市林口區中正路２６６號,10649,25.0777911,121.3893902
全家林口正新店,226017615,新北市林口區中正路５１號１樓,62251,25.0774115,121.3955568
全家林口菁埔店,226017544,新北市林口區仁愛路一段２９２號,15413,25.0763786,121.3926428
全家林口新高中店,286012624,新北市林口區仁愛路二段１５６號１樓,53420,25.0743483,121.3817533
全家林口新創園店,286018695,新北市林口區仁愛路二段４９６號１樓,63032,25.0760016,121.3761224
全家林口文園店,226090261,新北市林口區公園路１７８號１樓,50191,25.0727427,121.37299
全家林口南勢店,226007216,新北市林口區南勢街２２８號１樓,19277,25.0753071,121.3593916
全家林口忠一店,226009084,新北市林口區忠孝一路２６號１樓,62869,25.0732126,121.3636608
全家林口忠孝店,226085421,新北市林口區忠孝路６０１號,11680,25.068562,121.3781115
全家林口住都店,226068053,新北市林口區文化一路一段１６６－１號１樓,58447,25.0735194,121.3769792
全家林口廣場店,226069860,新北市林口區文化三路一段２２３號一樓,54859,25.070789,121.3625829
全家林口幸福店,226098325,新北市林口區文化三路一段３５號１樓,51423,25.0666834,121.3608866
全家林口影城店,226090534,新北市林口區文化三路一段４０６號１樓,54003,25.0742368,121.3682135
全家林口新都店,226009183,新北市林口區文化三路一段５５７號．５５９號１樓,16970,25.0761225,121.3701023
全家林口菁英店,226089574,新北市林口區文化三路１段１２１號１樓,57041,25.0621241,121.3617619
全家林口文化店,226083394,新北市林口區文化二路一段６８巷１號１樓,61901,25.0689321,121.3660902
全家林口隆林店,226022405,新北市林口區文化二路二段９０．９２號,16886,25.0812373,121.3789184
全家林口樂活店,226089613,新北市林口區文化二路１段２６９號１樓,56942,25.0708555,121.3679682
全家林口醒吾店,226031858,新北市林口區東林村粉寮路１段６６號１樓,10547,25.0790108,121.3881378
全家林口工六店,226016951,新北市林口區東林里工六路７８號,11096,25.0770773,121.4003545
全家林口竹林店,226024731,新北市林口區林口路１２６號１Ｆ,10808,25.0816879,121.3885
全家林口采都店,226005775,新北市林口區民族路８６號１樓,59033,25.0755197,121.3662005
全家林口文義店,226090866,新北市林口區湖南里信義路２８９號,53513,25.0819734,121.3754147
全家林口國宅店,226081140,新北市林口區麗園一街４巷１號１之４,12594,25.0709608,121.3763975
全家樹林新三俊店,226761569,新北市樹林區三俊街１１２號,60613,25.0153953,121.415108
全家樹林俊興店,226887701,新北市樹林區三俊街１２７號１Ｆ,12019,25.0157828,121.4180454
全家樹林中新店,226830689,新北市樹林區中山路一段１０８巷２２號,60978,24.9913092,121.4220854
全家樹林新中店,226685755,新北市樹林區中山路三段１０７號及１０７－１號,11869,24.9744112,121.3998743
全家樹林山佳店,226689114,新北市樹林區中山路三段２４５號,60869,24.9720313,121.3927804
全家樹林三德店,226763033,新北市樹林區中正路４８２號１樓,57093,25.01293,121.4126502
全家樹林中華店,286867009,新北市樹林區中華路１８３．１８５號１樓,16616,24.981713,121.4206368
全家樹林新全球店,286862215,新北市樹林區中華路２９１號,51367,24.9800556,121.4169127
全家樹林新育園店,226685274,新北市樹林區佳園路一段４５號,61747,24.9705781,121.3932245
全家樹林三龍店,226765401,新北市樹林區俊興街２７７號,60467,25.0183088,121.4184813
全家樹林俊英店,226899787,新北市樹林區俊英街１１３號,11655,25.0099287,121.4247923
全家樹林俊信店,226758782,新北市樹林區俊英街１１８號１樓,53700,25.0056425,121.4274319
全家樹林俊霖店,226765503,新北市樹林區俊英街１５５巷１號１樓,19775,25.0122335,121.424133
全家樹林武林店,226888778,新北市樹林區保安街二段１０９號,59206,25.00139,121.415382
全家樹林新保安店,226886257,新北市樹林區保安街二段２１５號１樓,50910,25.0040892,121.4131844
全家樹林德園店,226807279,新北市樹林區八德街６００及６０２號,11025,24.9703433,121.3972354
全家樹林圳福店,226868521,新北市樹林區千歲街６１巷２號１樓,62832,24.9981872,121.4265216
全家樹林凱旋店,289700748,新北市樹林區南園里大成路１０號１樓（光纖）三峽鎮,16049,24.944758,121.3827158
全家樹林博愛店,286755840,新北市樹林區博愛街１５８號１樓,15079,24.9910358,121.4260471
全家樹林嘉聯益店,286844863,新北市樹林區博愛街２４８號,62677,24.9850038,121.4233061
全家樹林佳瑪店,226878166,新北市樹林區博愛街８９號１樓,52556,24.9914775,121.4271601
全家樹林國凱店,286860727,新北市樹林區國凱街８２號,10736,24.9792342,121.4212168
全家樹林大安店,226877960,新北市樹林區大安路５０１號１樓,53444,24.9864073,121.4143128
全家樹林金安店,226875845,新北市樹林區大安路５８５號１樓,57286,24.9834571,121.4119407
全家樹林學誠店,235017864,新北市樹林區大義路１９６＆１９８號,18710,24.9459045,121.3781522
全家樹林藝術店,226687483,新北市樹林區大雅路２８７號１樓,56070,24.9475991,121.3797493
全家樹林太平店,286845773,新北市樹林區太元街５８號,11122,24.9794106,121.4184311
全家樹林學勤店,289705219,新北市樹林區學勤路５５０．５５２號１樓,16866,24.9485287,121.38395
全家樹林學園店,235019721,新北市樹林區學成路６０１號１樓,19747,24.946292,121.381375
全家樹林車站店,226813492,新北市樹林區後站街８號,11836,24.991476,121.424217
全家樹林復興店,226873547,新北市樹林區復興路２７２號，２７４號,10956,24.9885801,121.4181481
全家樹林五圓店,286850375,新北市樹林區忠孝街９９號１樓,16668,24.9810239,121.4244533
全家樹林仁醫店,226842900,新北市樹林區文化街１４號１樓,57547,24.987413,121.419991
全家樹林日新店,226876139,新北市樹林區日新街５０號１樓,14175,24.9920594,121.422528
全家樹林欣榮店,286857876,新北市樹林區東榮街１０７號１樓,50669,24.9822465,121.4155489
全家樹林東興店,286847363,新北市樹林區東興街２２號１樓,58223,24.9778978,121.4103325
全家樹林東豐店,286849952,新北市樹林區東豐街５１號,62208,24.975409,121.4150033
全家樹林新柑園店,226684823,新北市樹林區柑園街一段３０２號１樓,55191,24.9560809,121.3886205
全家樹林工業店,226846582,新北市樹林區武林街２號,60746,25.0004929,121.4164051
全家樹林潭興店,226829851,新北市樹林區潭興街２２號１樓、地下室,12948,24.9991004,121.425183
全家樹林新育店,226860566,新北市樹林區育英街５３號１樓,57301,24.9890612,121.4208061
全家樹林台鐵店,226817735,新北市樹林區鎮前街１１２號,58692,24.9914074,121.4246008
全家樹林龍興店,226889613,新北市樹林區龍興街１５號,11654,25.0163168,121.4029611
全家永和正新店,229464214,新北市永和區中正路２７８號１樓,50938,24.9986623,121.5168544
全家永和正得店,229200317,新北市永和區中正路３４２號一樓,56282,25.0002651,121.517889
全家永和大福店,229254322,新北市永和區中正路６０８．６１０．６１０之１號,12962,25.0072004,121.5172097
全家永和鼎豐店,229200709,新北市永和區中興街７號１樓,54877,25.0121041,121.5156941
全家永和耕莘店,229240539,新北市永和區中興街９５號１樓,14542,25.012069,121.5177998
全家永和新仁愛店,286609734,新北市永和區仁愛路１０３號１樓,55290,25.0130224,121.5124423
全家永和保順店,289213384,新北市永和區仁愛路２８２巷１號１樓,61940,25.0088528,121.5030874
全家永和仁和店,232330262,新北市永和區仁愛路３３號,11302,25.0132306,121.5142067
全家永和新仁店,286602630,新北市永和區仁愛路３５２巷９４號、９６號,51216,25.0079569,121.5010667
全家永和樂華店,229264823,新北市永和區保平路１８巷１２號１樓,50270,25.0079594,121.5121516
全家永和羅鄰店,229293596,新北市永和區保平路２６８巷２５號１樓,16670,25.0057491,121.5078842
全家永和仁保店,229285824,新北市永和區保福路二段１０３號１樓,53293,25.0132266,121.5102965
全家永和國和店,229281175,新北市永和區國中路８６巷２號,19622,25.0059336,121.5248394
全家永和新樂新店,286607125,新北市永和區大新街３號１樓,55532,25.0086499,121.514618
全家永和得和店,229416037,新北市永和區得和路３７２號,10136,24.998609,121.5248487
全家永和得元店,229265391,新北市永和區得和路３７３巷２９號,19773,25.0003037,121.5249522
全家永和頂溪店,229262511,新北市永和區復興街３號,12089,25.0129579,121.5157707
全家永和秀成店,229215822,新北市永和區成功路一段１３７，１３９號,11172,25.0014988,121.5269594
全家永和田單店,229432844,新北市永和區成功路二段１５７號１樓,14397,24.9974156,121.526792
全家永和文化店,286604492,新北市永和區文化路１８，２０，２２號１樓,10863,25.015153,121.5153511
全家永和新民有店,229495196,新北市永和區民有街６５號,63117,24.9959383,121.5177874
全家永和國艷店,229232783,新北市永和區民樂街３９巷２號１樓,12984,25.0002331,121.5276905
全家永和騎士店,289433594,新北市永和區民權路５３號１樓,15213,24.9967876,121.5199732
全家永和教室店,289418262,新北市永和區民生路６５號１樓及地下室,55942,24.9973264,121.5228142
全家永和維源店,289230231,新北市永和區水源街３９巷２號,16612,25.0041982,121.5103096
全家永和永亨店,229208853,新北市永和區永亨路６２號、６４號、６６號１樓,14553,25.0061136,121.5206817
全家永和永福店,229234354,新北市永和區永和路一段９３號,10077,25.0076798,121.5135674
全家永和永復店,229286095,新北市永和區永和路二段３１６號１樓,53481,25.0161815,121.5163209
全家永和永平店,286603548,新北市永和區永平路２３２號,10883,25.0109523,121.5087874
全家永和保平店,289231532,新北市永和區永貞路３５４號，３５６號,11918,25.006498,121.5103211
全家永和保安店,229207792,新北市永和區永貞路３８７號,50490,25.0086185,121.507976
全家永和環東店,289278437,新北市永和區環河東路一段１２２號，１２４號,12024,25.0153834,121.5204887
全家永和水悅店,229267011,新北市永和區環河西路一段８３號１．２樓,50121,25.0179902,121.5128656
全家永和環河店,232339160,新北市永和區環河西路二段２１９號，２２１號,11924,25.0102332,121.5011544
全家永和福和店,229213528,新北市永和區福和路１７３．１７５號,11693,25.0075566,121.5200815
全家永和新廷店,229203971,新北市永和區福和路３２０號１樓,52447,25.0073505,121.5157082
全家永和新富店,289215154,新北市永和區福和路５７巷１４弄２號１樓,53482,25.0072672,121.5228621
全家永和復興店,229254364,新北市永和區秀朗路一段１８６號１Ｆ,10684,25.0031749,121.5190529
全家永和秀和店,229280903,新北市永和區秀朗路一段７６、７８號,11235,25.0059111,121.5154439
全家永和御林店,289250327,新北市永和區竹林路２１３巷４４號１樓,15150,25.0090242,121.5231679
全家永和竹勝店,289258511,新北市永和區竹林路２１５號１樓,59128,25.0088025,121.520967
全家永和永林店,289274417,新北市永和區竹林路３７號,11735,25.0143105,121.5178937
全家汐止農會店,286916715,新北市汐止區中正路１０６號１樓,12725,25.0695413,121.6610343
全家汐止興中店,286933681,新北市汐止區中興路１５８號,53674,25.0649633,121.6323311
全家汐止福全店,226479466,新北市汐止區仁愛路１４９號,18935,25.0647552,121.6636959
全家汐止伯爵店,226474757,新北市汐止區伯爵街５２巷１號壹樓部份,19026,25.0805195,121.6383103
全家汐止保興店,286489793,新北市汐止區保一街３９號,56132,25.0802345,121.6742173
全家汐止車站店,226494180,新北市汐止區信義路１號２樓,62695,25.0683194,121.6617312
全家汐止力行店,226401386,新北市汐止區力行街１號,11666,25.0512519,121.617374
全家汐止站前店,286923096,新北市汐止區南昌街１６號,14552,25.0683559,121.6629991
全家汐止和平店,226439807,新北市汐止區和平街４８號,53124,25.0708639,121.6623961
全家汐止茂盛店,226413633,新北市汐止區大同路一段２２５號壹樓,57139,25.0576666,121.6342282
全家汐止經貿店,286473139,新北市汐止區大同路三段１９０號壹樓部份,19770,25.0737183,121.674852
全家汐止大同店,286486545,新北市汐止區大同路三段２６９，２７１號,10475,25.0758549,121.673851
全家汐止摩天店,226905548,新北市汐止區大同路三段６１１之３號壹樓,52270,25.0751522,121.6830692
全家汐止龍安店,226490723,新北市汐止區大同路二段１８４巷１１號,11124,25.0635758,121.6538792
全家汐止智興店,226490742,新北市汐止區大同路二段２００號,56299,25.064741,121.6532703
全家汐止宏國店,286923110,新北市汐止區大同路２段２８３號,14405,25.0661992,121.6537004
全家汐止鑫宜興店,226606803,新北市汐止區宜興街１６號,62898,25.0415726,121.6214091
全家汐止康寧店,226959946,新北市汐止區康寧街１６９巷２３號１樓,15173,25.0682054,121.6227171
全家汐止東城店,286951885,新北市汐止區康寧街４５９巷１０號１樓,60428,25.0689717,121.6314875
全家汐止日月光店,226486322,新北市汐止區康寧街７４７號．７４９號,14213,25.07334,121.6382845
全家汐止建泰店,226902115,新北市汐止區建成路５９巷２號（國泰醫院汐止院區）,18754,25.0726989,121.6611849
全家汐止建安店,226418761,新北市汐止區建成路５９巷９號．１５號,16907,25.0730099,121.6617929
全家汐止秀峰店,226919425,新北市汐止區忠孝東路２２８號,14430,25.0667581,121.6623777
全家汐止新忠孝店,226919701,新北市汐止區忠孝東路２５８號,14186,25.067536,121.6631466
全家汐止橋東店,286475279,新北市汐止區忠孝東路４０２號,50079,25.070946,121.665972
全家汐止連新店,226919772,新北市汐止區新台五路一段１５１號壹樓及地下室,19198,25.0623609,121.653536
全家汐止青山店,226489817,新北市汐止區新台五路一段２１２號；２１２之１號,11993,25.0629525,121.655907
全家汐止宏碁店,226960486,新北市汐止區新台五路一段８２號部份,62615,25.0607081,121.647263
全家汐止新遠雄店,226971106,新北市汐止區新台五路一段９３號地下一層之２,60010,25.0617716,121.648006
全家汐止東科店,226969769,新北市汐止區新台五路一段９６號Ｃ棟,63131,25.060472,121.6483301
全家新遠雄二店,226975513,新北市汐止區新台五路一段９７號地下一層之６,60011,25.0616148,121.6500784
全家汐止新興店,226919264,新北市汐止區新興路２１及２３號,14412,25.0646146,121.6566818
全家汐止鑫峰店,226953467,新北市汐止區明峰街１６２號,51476,25.0705072,121.6291717
全家汐止忠樹店,226494703,新北市汐止區樟樹一路１１９巷２５號１樓,61070,25.0642614,121.6404844
全家汐止樟中店,286425058,新北市汐止區樟樹一路１２７號１樓,12593,25.0648325,121.6419958
全家汐止忠厚店,226917067,新北市汐止區樟樹一路１３５巷２７號１樓,63271,25.0654969,121.6409296
全家汐止樟興店,226904033,新北市汐止區樟樹一路１６號，１８號,11581,25.0623023,121.6419304
全家汐止樟福店,286923181,新北市汐止區樟樹一路２２０號,14407,25.0662566,121.6424341
全家汐止新樹店,226487704,新北市汐止區樟樹二路２７３號,52017,25.0691852,121.641016
全家汐止橫科店,227198993,新北市汐止區民權街二段６８號１樓,60924,25.0484523,121.6191117
全家汐止桂冠店,226474855,新北市汐止區水源路二段３４號,11238,25.0571502,121.6548526
全家汐止興萬店,226464086,新北市汐止區汐萬路一段３５５號壹樓,62417,25.0777876,121.6498224
全家汐止新水蓮店,226909465,新北市汐止區湖前街１１０巷９７弄２４號Ｂ１之１之２,18671,25.0761919,121.6325656
全家汐止湖前店,226927433,新北市汐止區湖前街４９號１樓,61490,25.0700517,121.6318318
全家汐止祥雲店,226462022,新北市汐止區祥雲街１號壹樓部份,18775,25.0896975,121.645789
全家汐止福旺店,286933934,新北市汐止區福德一路１０９號,51485,25.068033,121.6378534
全家汐止福德店,227653612,新北市汐止區福德三路１６號壹樓,61512,25.0695772,121.6374338
全家汐止興福店,286932048,新北市汐止區福德二路１３４號,11402,25.0653047,121.630905
全家汐止長虹店,226948906,新北市汐止區福德二路８１－１號,50487,25.066287,121.633416
全家汐止勤進店,226494650,新北市汐止區秀峰路１１９號,63607,25.0630114,121.660223
全家汐止莊敬店,226435764,新北市汐止區莊敬街１３９號,10738,25.0607503,121.6544675
全家汐止興莊店,286424336,新北市汐止區莊敬街３２號壹樓全部,19197,25.0615249,121.6569438
全家汐止鄉長店,226919409,新北市汐止區鄉長路一段２７號壹樓及貳樓,50172,25.0749095,121.6651799
全家汐止興龍店,226488674,新北市汐止區龍安路３８號１樓,59648,25.063694,121.654601
全家泰山白金店,222979409,新北市泰山區仁愛路１０８號１樓,50083,25.0554667,121.4333566
全家泰山同興店,229007443,新北市泰山區仁義路２２０巷２號、８號１樓,12965,25.0538289,121.4330676
全家泰山福興店,285311767,新北市泰山區同興里福興一街６０號一樓,10262,25.0582275,121.4326347
全家泰山辭修店,222971269,新北市泰山區明志路一段３７４號１樓,10842,25.0578792,121.4306975
全家泰山工專店,229046856,新北市泰山區明志路三段１７０號,11211,25.0392045,121.4242755
全家泰山銘志店,229095501,新北市泰山區明志路二段２３６號一樓,60028,25.0480071,121.4270574
全家泰山明豐店,229048829,新北市泰山區明志路二段３８３號１樓,12685,25.0436971,121.4251018
全家泰山新義學店,229097397,新北市泰山區明志路二段５３號１樓,60534,25.0527231,121.4293679
全家泰山民權店,222968230,新北市泰山區民權路２９號１樓,12271,25.0507215,121.4288654
全家泰山新泰林店,229000777,新北市泰山區泰林路二段１０７號１樓,54432,25.0591025,121.4345911
全家泰山麗池店,229007046,新北市泰山區泰林路二段５１８號,12173,25.0639593,121.4241979
全家泰山黎明店,222979445,新北市泰山區泰林路二段５７５號、５７７號１樓,12896,25.0634269,121.4222569
全家泰山憲訓店,229005487,新北市泰山區泰林路２段３６４號１樓,16358,25.063829,121.428661
全家泰山新貴子店,229036660,新北市泰山區貴子路３８號１樓,53058,25.0416863,121.4261388
全家泰山新輔醫店,229014162,新北市泰山區貴子路６９號Ｂ１,62305,25.0400631,121.4312141
全家淡水市鎮店,226236102,新北市淡水區中山北路二段１８５號１樓,57499,25.185153,121.444035
全家淡水新江店,226227391,新北市淡水區中山北路二段１８８巷１６號１樓,52464,25.1848823,121.4446638
全家淡水登峰店,228085461,新北市淡水區中正東路二段２７號２樓,12353,25.1567269,121.4597424
全家淡水新天闊店,228084041,新北市淡水區中正東路二段３３號,54511,25.1563533,121.4593923
全家淡水淡海店,228050241,新北市淡水區中正路一段６２巷２號,12101,25.1771599,121.4258228
全家淡水滬鑫店,226228730,新北市淡水區中正路１３３號,61499,25.170341,121.4393292
全家淡水成功店,226236052,新北市淡水區中正路５７號,61819,25.1695008,121.4417893
全家淡水紅林店,228092016,新北市淡水區八勢里中正東路二段６９號１樓,16115,25.1546079,121.4595894
全家淡水天元店,223831985,新北市淡水區北新路二段１５０號,62445,25.1851532,121.4822931
全家淡水新旭店,226253827,新北市淡水區北新路１６９巷３５號１樓,15151,25.1802496,121.4494008
全家淡水學城店,226299127,新北市淡水區北新路１８２巷２１弄１－１號,16600,25.1774268,121.4492155
全家淡水北淡店,226215175,新北市淡水區北新路１８２巷３４號一樓,60256,25.1776089,121.4486026
全家淡水淡水店,226237472,新北市淡水區博愛街１４號,50685,25.1697631,121.4460691
全家淡水財庫店,286319663,新北市淡水區學府路１３６巷４６號一樓,56825,25.1725776,121.4522018
全家淡水金榜店,226269497,新北市淡水區學府路１７６號,61355,25.1755361,121.4465669
全家淡水麗景店,226252260,新北市淡水區學府路３０號１樓,15219,25.16855,121.4479292
全家淡水義山店,226258537,新北市淡水區新市一路一段１０３號１樓,54271,25.1870148,121.4312281
全家淡水海都二店,226256142,新北市淡水區新市三路二段２７９號,61018,25.1957992,121.4366323
全家淡水海都三店,226257449,新北市淡水區新市三路二段３４３號１樓,62991,25.1954852,121.4384424
全家淡水海都店,226238741,新北市淡水區新市五路三段３１２號,58299,25.1973814,121.4378654
全家淡水新頂店,228059891,新北市淡水區新市五路２段３號１樓,58573,25.2001596,121.4292287
全家淡水新摩天店,226255587,新北市淡水區新春街１８４號,50302,25.1807782,121.4435199
全家淡水新春店,226200131,新北市淡水區新春街９５之７號１樓,59566,25.1827042,121.4397464
全家淡水新盛店,226293924,新北市淡水區新民街１２２號,59171,25.177704,121.4377667
全家淡水新民店,226223099,新北市淡水區新民街１８０之６號,10426,25.1790466,121.4367975
全家淡水新園店,226218918,新北市淡水區新民街７８號,52372,25.1765362,121.4385654
全家淡水新興店,226230631,新北市淡水區新興街６４號,50175,25.1802086,121.4418477
全家淡水新生店,226224332,新北市淡水區新興里大義街１１號,12227,25.1781099,121.443319
全家淡水福春店,226281994,新北市淡水區新興里新春街２號一樓,15639,25.1811784,121.4426047
全家淡水旭陞店,226217371,新北市淡水區新興里新生街５３號１樓,16116,25.1747613,121.4405484
全家淡水竹勝店,228082083,新北市淡水區民族路５６號１樓,56561,25.1359185,121.4617994
全家淡水加州店,288093432,新北市淡水區民權路１９號,18633,25.1418172,121.4598362
全家淡水民生店,228081841,新北市淡水區民生路１１９號１樓,62189,25.1388477,121.4650489
全家淡水竹圍店,228099936,新北市淡水區民生路５８號,10047,25.1379581,121.4621368
全家淡水源德店,226264758,新北市淡水區水源街一段１號,53011,25.1725436,121.4426159
全家淡水水源店,226291496,新北市淡水區水源街一段１２４號１樓,15330,25.1716396,121.4473811
全家淡水富山店,226239971,新北市淡水區水源街二段１７７巷６７號,52237,25.1769906,121.4523114
全家淡水五虎崗店,226224612,新北市淡水區水源街二段８６號１樓,61020,25.1742271,121.4517108
全家淡水興忠店,226263386,新北市淡水區水碓里１１鄰大忠街４３號１樓,16158,25.1764401,121.4445257
全家淡水江南店,226255132,新北市淡水區沙崙路一段１０８號,60604,25.1883179,121.4303002
全家淡水海樂地店,228055711,新北市淡水區沙崙路二段７７７號,62963,25.2009392,121.4342786
全家淡水銘崙店,228059796,新北市淡水區沙崙路９號１樓,59756,25.1813564,121.4210167
全家淡水沙崙店,228050829,新北市淡水區沙崙里沙崙路１４９號,12188,25.186893,121.419332
全家淡水新崙店,228053641,新北市淡水區淡海路７６號１樓,54483,25.1810775,121.4231667
全家淡水新莊店,226227867,新北市淡水區淡金路一段１６６號,19852,25.1801459,121.4539838
全家淡水摩洛哥店,286268106,新北市淡水區淡金路３８巷７０號,53946,25.1610645,121.4581382
全家淡水青水店,226209862,新北市淡水區清水街９－５號一樓,52354,25.1702512,121.4446234
全家淡水濱海店,226228293,新北市淡水區濱海路一段３０８號,53190,25.1898308,121.4402265
全家淡水上璟店,226230810,新北市淡水區濱海路二段２０２巷１７號１樓,62001,25.1916781,121.4347153
全家淡水紅毛城店,226269188,新北市淡水區真理街２之１號,60605,25.1730785,121.4385861
全家淡水正中店,226282285,新北市淡水區竿蓁里中正東路一段７７號７９號,16011,25.1621424,121.4529689
全家淡水凱旋店,226239952,新北市淡水區義山路一段２１６號,59377,25.1908908,121.4383699
全家淡水埔嵿店,228087606,新北市淡水區自強路１５６號１樓,60702,25.1338364,121.4653006
全家淡水自強店,228080360,新北市淡水區自強路８２號、８４號,11556,25.1282195,121.462895
全家淡水鄧公店,226282840,新北市淡水區鄧公路３２巷１號,14671,25.171305,121.4514004
全家深坑北深店,226644845,新北市深坑區北深路三段１７９號,16740,25.0035953,121.6015275
全家深坑北福店,226629753,新北市深坑區北深路三段２３９號,55531,25.0041982,121.5996215
全家深坑金典店,226624307,新北市深坑區北深路二段７７號,52806,25.0037259,121.6182999
全家深坑紅葉店,226643929,新北市深坑區北深路１段１０６號,61826,25.001111,121.6119935
全家深坑昇高店,226649860,新北市深坑區埔新街５９號,59681,25.0024322,121.620398
全家深坑埔新店,226641876,新北市深坑區埔新里埔新街９３號１樓,16032,25.0022232,121.6195367
全家烏來溫泉店,226618084,新北市烏來區烏來街７９號１樓,51815,24.8645444,121.5518553
全家烏來烏萊店,226617682,新北市烏來區環山路６２號１樓,54407,24.8644887,121.5481682
全家瑞芳龍川店,224061884,新北市瑞芳區一坑路１１之１號,14696,25.1084672,121.8041868
全家瑞芳傑魚坑店,224969517,新北市瑞芳區傑魚坑路６２號,18972,25.1107669,121.7934282
全家瑞芳前站店,224971401,新北市瑞芳區明燈路三段８４號１．２樓,60633,25.1083493,121.8055631
全家瑞芳明燈店,224969741,新北市瑞芳區民生街２０號１樓及２樓部份,61895,25.1074266,121.805757
全家九份觀景店,224969045,新北市瑞芳區輕便路４３號４樓,53604,25.1102218,121.8453322
全家金瓜石黃金店,224962382,新北市瑞芳區金光路３６號１樓（部份）,59156,25.1086127,121.8572735
全家石碇國道店,226633428,新北市石碇區文山路一段６號,56572,25.0090221,121.6454668
全家石碇雙溪店,226633324,新北市石碇區隆盛里雙溪５８號,19022,25.007101,121.652859
全家石門粽香店,226382011,新北市石門區中央路２４號,14672,25.2921277,121.5680525
全家萬里頂社店,224081473,新北市萬里區大鵬里頂社１號,16761,25.2089635,121.6552295
全家野柳新港口店,224927310,新北市萬里區港東路６８號,19477,25.2042708,121.6879725
全家蘆洲恆德店,282814638,新北市蘆洲區三民路２６巷２２號，２４號,11890,25.0829202,121.4773763
全家蘆洲希望店,282866754,新北市蘆洲區三民路３７８之３號１樓,57042,25.0919994,121.4641206
全家蘆洲中原店,222850171,新北市蘆洲區中原路３號１樓,61923,25.083534,121.461624
全家蘆洲新福原店,222892264,新北市蘆洲區中原路７０號,52795,25.0821265,121.4583114
全家蘆洲徐匯店,282811345,新北市蘆洲區中山一路２５號１樓,58448,25.080707,121.47928
全家徐匯廣場店,282811061,新北市蘆洲區中山一路６號１樓,62289,25.0803608,121.4806307
全家蘆洲保正店,282811438,新北市蘆洲區中正路１８１－１號部份及２樓全部,58590,25.0853899,121.468691
全家蘆洲正原店,222892773,新北市蘆洲區中正路１８５巷１９號,11977,25.0848235,121.4674245
全家蘆洲興賢店,282866445,新北市蘆洲區中興街６０號１樓,18711,25.087592,121.4819876
全家蘆洲華安店,228488839,新北市蘆洲區中華街６巷５２號１樓,14271,25.0826754,121.4623851
全家蘆洲中央店,282850698,新北市蘆洲區仁復里５鄰中央路５６號,12005,25.0836533,121.4734773
全家蘆洲新民愛店,228470046,新北市蘆洲區仁愛街８１號１樓,51366,25.0938666,121.4712399
全家蘆洲信義店,282854161,新北市蘆洲區信義路２２０號１樓,12757,25.0852092,121.4790728
全家蘆洲光華店,282823555,新北市蘆洲區光華路１３２巷１號，１３４號１樓,10826,25.0825368,121.4662883
全家蘆洲金華店,222827493,新北市蘆洲區光華路１５０巷３８號１樓,51139,25.083443,121.465048
全家蘆洲中華店,282814768,新北市蘆洲區和平路１２２，１２４號,11218,25.0801306,121.4675108
全家蘆洲復興店,282852663,新北市蘆洲區復興路１１號１樓,19639,25.0853927,121.4719605
全家蘆洲復江店,222881963,新北市蘆洲區復興路１５０．１５２號一樓,15011,25.0877511,121.4771891
全家蘆洲永成店,228487328,新北市蘆洲區成功里永樂街８３號一樓,12463,25.0887033,121.4559078
全家蘆洲玉清店,282822002,新北市蘆洲區民族路１７８號，１８０號一樓,10949,25.0867584,121.4799415
全家蘆洲名族店,282852406,新北市蘆洲區民族路２５１號１樓,56020,25.0902866,121.4768065
全家蘆洲民華店,282831441,新北市蘆洲區民族路４２２巷８２弄１４，１６號,11330,25.0938135,121.4738469
全家蘆洲保佑店,282855113,新北市蘆洲區民族路４２３號,52933,25.0892409,121.4682846
全家蘆洲民星店,228472257,新北市蘆洲區民族路４２４，４２４之１號１樓,10862,25.0919609,121.4739454
全家蘆洲民仁店,282835024,新北市蘆洲區民族路４４８號,11596,25.0920451,121.4724706
全家蘆洲水湳店,228489350,新北市蘆洲區民族路５００號１樓,61392,25.0905011,121.4696112
全家蘆洲仁德店,282812279,新北市蘆洲區民族路７４號１樓,14680,25.08476,121.477593
全家蘆洲新鷺江店,282851197,新北市蘆洲區民權路３５號１樓,51873,25.0865764,121.4757739
全家蘆洲福安店,282854511,新北市蘆洲區民權路６６號１樓,16790,25.0872715,121.4751079
全家蘆洲新民生店,222852487,新北市蘆洲區民生街１２３號１樓,52335,25.0789981,121.4728031
全家蘆洲新虹展店,282862521,新北市蘆洲區民義街２２巷１８號,53296,25.0881761,121.4715802
全家蘆洲義興店,228484834,新北市蘆洲區民義街６８巷２、６號１樓,12818,25.0898042,121.4730482
全家蘆洲永萍店,228481736,新北市蘆洲區永平街３２巷１７號１樓,60361,25.0915405,121.4590178
全家蘆洲永樂店,228470014,新北市蘆洲區永樂街３８巷５７弄１號１Ｆ,10455,25.0900814,121.4582661
全家蘆洲長發店,282860503,新北市蘆洲區長安街１１號１樓＆Ｂ１,51040,25.0789799,121.4640767
全家蘆洲長興店,228481192,新北市蘆洲區長安街１６８號１樓,19749,25.0832577,121.4592484
全家蘆洲成功店,282831373,新北市蘆洲區長安街２４８號,11077,25.086195,121.4576982
全家蘆洲新安店,282868249,新北市蘆洲區長安街３０１號１樓,55657,25.0848922,121.4579435
全家蘆洲安宅店,228481650,新北市蘆洲區長安街７１號１樓,57770,25.0798427,121.4625546
全家蘆洲正榮店,282863084,新北市蘆洲區長榮路２０９號１樓,61746,25.0849308,121.4607944
全家蘆洲長樂店,222880271,新北市蘆洲區長樂路１７６號１樓,58407,25.0912477,121.4627621
全家蘆洲集賢店,222897841,新北市蘆洲區集賢路２３７號,10503,25.0852896,121.4818767
全家蘆洲花園店,282863423,新北市蘆洲區集賢路２６９巷１０號１樓,57425,25.0835243,121.4816112
全家蘆洲仁義店,228470017,新北市蘆洲區集賢路３６２號１樓,61682,25.0836321,121.4806596
全家貢寮澳底一店,224903521,新北市貢寮區大澳街１之１、３號１樓,12761,25.0564448,121.9245384
全家鑫福隆店,224992209,新北市貢寮區興隆街２２號１．２樓,58411,25.0168166,121.9447365
全家金山金中店,224081427,新北市金山區中山路１０１號,19122,25.2192454,121.6397506
全家金山中山店,224081325,新北市金山區中山路２０５號,11192,25.2212583,121.6379315
全家金山金美店,224081821,新北市金山區中山路２５２號,19025,25.2239421,121.635734
全家金山陽金店,224256032,新北市金山區中正路１４９號加（後方停車場）,60988,25.2211829,121.631615
全家鶯歌行政店,226781963,新北市鶯歌區中正一路１５４號,12008,24.9559881,121.3522797
全家鶯歌正鶯店,286782074,新北市鶯歌區中正一路３７１號,19276,24.957171,121.3581914
全家鶯歌光明店,226703487,新北市鶯歌區光明街１７７號,62213,24.955703,121.3436474
全家鶯歌新南雅店,226704972,新北市鶯歌區南雅路４４２號,54029,24.9539579,121.3459095
全家鶯歌尖山店,226797270,新北市鶯歌區國中街１－３號,60693,24.9454251,121.3418215
全家鶯歌尖峰店,286774110,新北市鶯歌區尖山路１２６號１樓,57792,24.948997,121.3472663
全家鶯歌國慶店,226776756,新北市鶯歌區建國路１２２號１樓,54002,24.9541076,121.3519397
全家鶯歌站前店,286774875,新北市鶯歌區建國路５３之５號、、５３之６號１樓,16285,24.9550102,121.3550975
全家鶯歌永明店,226703617,新北市鶯歌區永明街７８號１樓,12760,24.955868,121.34121
全家鶯歌鶯桃店,226706210,新北市鶯歌區鶯桃路４５號１樓,18699,24.9515786,121.3420419
全家七堵大興店,224560059,基隆市七堵區南興路３０號１樓,11444,25.0973926,121.7143533
全家七堵工明店,224519520,基隆市七堵區工建路１－１５號壹樓,50268,25.0883455,121.7023752
全家七堵新明德店,224517467,基隆市七堵區明德二路１５－５３號,50035,25.0883618,121.7054427
全家七堵東新店,227678206,基隆市七堵區東新街６７號壹樓,61907,25.0948379,121.7196271
全家七堵永富店,224558170,基隆市七堵區永平里永富路１２０號、崇智街４８號一樓,15827,25.0992495,121.7138762
全家七堵泰安店,224519733,基隆市七堵區泰安路２３－１２號,63003,25.089191,121.708833
全家基隆百福店,224529098,基隆市七堵區百福里福二街２０４號１樓,15172,25.0837358,121.6962496
全家七堵自治店,224554377,基隆市七堵區自治街６號,55529,25.0963016,121.712812
全家七堵長安店,224519266,基隆市七堵區長安街２１２巷２－４號一樓及地下室,52391,25.0748241,121.695872
全家基隆鑫港店,224275332,基隆市中正區中正路１８號壹樓,58850,25.1327203,121.7446275
全家基隆新祥豐店,224627260,基隆市中正區中正路６２３號壹樓,50945,25.1513922,121.7720215
全家基隆正港店,224636316,基隆市中正區中正路６４４號,51312,25.1509983,121.7670724
全家基隆新中船店,224245729,基隆市中正區中船路８２號,55941,25.1373752,121.7510677
全家基隆海洋店,224636575,基隆市中正區北寧路２號,54185,25.15044,121.7755731
全家基隆富港店,224699625,基隆市中正區北寧路２５０－８號１．２樓,57090,25.14594,121.7835347
全家基隆新和一店,224635157,基隆市中正區和一路１１０號,50693,25.1550385,121.7659857
全家基隆欣豐店,224699472,基隆市中正區新豐街３８１號,60465,25.135356,121.7857215
全家基隆觀海店,224606545,基隆市中正區砂子里觀海街１３６號１３８號一樓,15620,25.1370406,121.7953931
全家基隆二信店,224634966,基隆市中正區立德路２４３號壹樓,60866,25.1441754,121.7710117
全家基隆新義二店,224267442,基隆市中正區義二路３４號,54086,25.131001,121.745641
全家基隆觀山店,224607005,基隆市中正區觀海街６１號,55396,25.1383429,121.7942615
全家基隆車站店,224259160,基隆市仁愛區中山一路１６之１號,58683,25.1318639,121.738533
全家基隆仁三店,224286905,基隆市仁愛區仁三路５９號壹樓,57147,25.128858,121.7421015
全家基隆鑫仁二店,224259022,基隆市仁愛區仁二路１９８號壹樓及地下室,59621,25.1287504,121.7450301
全家基隆仁四店,224265932,基隆市仁愛區仁四路５２號１樓,18684,25.1283829,121.7413363
全家基隆廟口店,224289166,基隆市仁愛區仁德里仁三路３３號一樓,15829,25.1284177,121.7429362
全家基隆劉銘傳店,224259272,基隆市仁愛區劉銘傳路１５號壹樓,61602,25.1274916,121.7509578
全家基隆鑫忠孝店,224287939,基隆市仁愛區孝三路５４號壹樓,58791,25.1300636,121.7395398
全家基隆新站前店,224273646,基隆市仁愛區忠一路１９號,18828,25.131305,121.7397933
全家基隆鑫忠二店,224259100,基隆市仁愛區忠二路１５號壹樓,59391,25.1299367,121.7400471
全家基隆仁愛店,224259270,基隆市仁愛區愛四路５６號１樓及夾層,53146,25.1290276,121.7441457
全家基隆精一店,224249183,基隆市仁愛區精一路４１號１樓,10763,25.125949,121.7411685
全家基隆信一店,224241255,基隆市信義區信一路１４８號,11239,25.1295975,121.746929
全家基隆信義店,224255383,基隆市信義區信二路２３６－２號,56213,25.128501,121.757949
全家基隆深美店,224685554,基隆市信義區教忠街１０８號壹樓,61078,25.1363204,121.7786331
全家基隆東信店,224669537,基隆市信義區東信路５號,19086,25.1277137,121.7679258
全家基隆新正信店,224665413,基隆市信義區正信路１８１號,52807,25.1321856,121.7602967
全家基隆新深溪店,224664970,基隆市信義區深溪路５９號,54610,25.1327119,121.7821203
全家基隆新澳坑店,224683722,基隆市信義區深澳坑路１０７號,53384,25.1261332,121.7858038
全家基隆新國揚店,234012842,基隆市安樂區基金一路１２１巷１４號,19659,25.1379536,121.7177067
全家基隆萬金店,224333875,基隆市安樂區基金一路１４６號之地下室,51473,25.1405257,121.7117666
全家基隆情人湖店,224326530,基隆市安樂區基金一路２０８巷２００號Ｂ１,19021,25.1488964,121.7077922
全家基隆新崙店,224313410,基隆市安樂區基金一路２０８巷９２之６號一樓,63252,25.1469107,121.7086489
全家基隆基金店,224329658,基隆市安樂區基金三路１４５號,10992,25.156585,121.695624
全家基隆新安和店,224341775,基隆市安樂區安和一街１２４號,55940,25.1258354,121.7237172
全家基隆新樂強店,224254734,基隆市安樂區安樂路一段２０６號１樓,51475,25.1279638,121.7325695
全家基隆長庚店,224326001,基隆市安樂區安樂路二段１５７號,11168,25.120766,121.723563
全家基隆新樂群店,224337917,基隆市安樂區樂利三街１２８號,54212,25.1264037,121.7158013
全家基隆樂利店,224322426,基隆市安樂區樂利三街３２巷１２號,54876,25.1268142,121.7125833
全家基隆龍騰店,224334303,基隆市安樂區樂利三街８巷１６號底四層,52668,25.129327,121.718364
全家基隆鑫樂富店,224349184,基隆市安樂區樂利二街６２巷２２５號,63062,25.1210288,121.7167088
全家基隆武嶺店,224335573,基隆市安樂區武嶺街１８１－６號１樓,15416,25.138677,121.710153
全家基隆武勝店,224328788,基隆市安樂區武訓街７２號壹樓　　,57246,25.1484709,121.699591
全家基隆長樂店,224331198,基隆市安樂區麥金路２２２號地下一樓（基隆長庚醫院）,16787,25.1206948,121.7224004
全家基隆金城店,234012667,基隆市安樂區麥金路２３１－１號,56298,25.1219734,121.7212143
全家八堵車站店,224567770,基隆市暖暖區八堵路１４２號,58557,25.1083368,121.729071
全家基隆暖東店,224582882,基隆市暖暖區暖暖街１６３號,16872,25.09968,121.7362927
全家基隆暖盛店,224584927,基隆市暖暖區暖暖街２２０號壹樓及夾層,61336,25.0983015,121.7347754
全家基隆暖鑫店,224586460,基隆市暖暖區暖暖街４６１號壹樓,56917,25.092916,121.7370173
全家基隆暖錠店,224594800,基隆市暖暖區源遠路１８９號,52684,25.0984327,121.751348
全家基隆瑞發店,224583547,基隆市暖暖區源遠路２７５－１１號,62899,25.099041,121.755617
全家基隆吉市店,224587239,基隆市暖暖區碇內街１８８－９號壹樓及夾層,54942,25.0921482,121.7543956
全家基隆暖港店,224574786,基隆市暖暖區過港路２５４號,16419,25.1102241,121.7338797